시도명,시군구명,종류,처리방식,용도,사용대상,1L가격,1.5L가격,2L가격,2.5L가격,3L가격,5L가격,10L가격,20L가격,30L가격,50L가격,60L가격,75L가격,100L가격,120L가격,125L가격
강원도,강릉시,규격봉투,매립용,생활쓰레기,기타,0,0,0,0,0,130,270,520,0,1250,0,1880,0,0,0
강원도,강릉시,재사용규격봉투,매립용,생활쓰레기,기타,0,0,0,0,0,0,270,520,0,0,0,0,0,0,0
강원도,고성군,규격봉투,소각용,생활쓰레기,가정용,0,0,0,0,0,140,260,500,0,1220,0,0,2410,0,0
강원도,고성군,규격봉투,소각용,음식물쓰레기,가정용,0,0,60,0,80,120,0,0,0,0,0,0,0,0,0
강원도,고성군,특수규격마대,매립용,생활쓰레기,가정용,0,0,0,0,0,0,0,0,0,1540,0,0,0,0,0
강원도,동해시,규격봉투,매립용,생활쓰레기,가정용,0,0,0,0,0,150,290,560,0,1350,0,0,2700,0,0
강원도,삼척시,규격봉투,매립용,생활쓰레기,가정용,0,0,0,0,0,0,0,290,0,0,0,0,0,0,0
강원도,삼척시,규격봉투,매립용,생활쓰레기,가정용,0,0,0,0,0,0,150,290,0,710,0,1100,0,0,0
강원도,삼척시,규격봉투,매립용,음식물쓰레기,가정용,0,0,0,0,50,80,150,290,0,0,0,0,0,0,0
강원도,양구군,규격봉투,매립용,음식물쓰레기,가정용,0,0,50,0,70,120,210,400,0,0,0,0,0,0,0
강원도,양구군,규격봉투,소각용,생활쓰레기,가정용,0,0,0,0,70,120,210,400,0,950,0,1470,0,0,0
강원도,양구군,특수규격마대,매립용,생활쓰레기,가정용,0,0,0,0,0,0,0,510,780,1250,0,0,0,0,0
강원도,양양군,규격봉투,기타,음식물쓰레기,가정용,0,0,40,0,60,90,170,340,0,0,0,0,0,0,0
강원도,양양군,규격봉투,소각용,생활쓰레기,가정용,0,0,0,0,0,90,170,340,500,830,0,1230,1630,0,0
강원도,양양군,재사용규격봉투,소각용,생활쓰레기,가정용,0,0,0,0,0,0,0,340,0,0,0,0,0,0,0
강원도,양양군,특수규격마대,매립용,생활쓰레기,가정용,0,0,0,0,0,0,0,340,0,830,0,0,1630,0,0
강원도,영월군,규격봉투,매립용,음식물쓰레기,가정용,0,0,0,0,70,110,180,350,0,900,0,1350,0,0,0
강원도,영월군,규격봉투,소각용,생활쓰레기,가정용,0,0,0,0,70,110,180,350,0,900,0,1350,0,0,0
강원도,영월군,재사용규격봉투,소각용,생활쓰레기,가정용,0,0,0,0,0,0,180,350,0,0,0,0,0,0,0
강원도,원주시,규격봉투,기타,생활쓰레기,가정용,0,0,0,0,100,170,320,680,0,1690,0,2500,0,0,0
강원도,원주시,규격봉투,기타,음식물쓰레기,가정용,0,0,80,0,100,170,320,680,0,1690,0,0,0,0,0
강원도,원주시,재사용규격봉투,기타,생활쓰레기,가정용,0,0,0,0,0,170,320,680,0,0,0,0,0,0,0
강원도,원주시,특수규격마대,매립용,생활쓰레기,사업장용,0,0,0,0,0,0,0,1200,0,2600,0,3800,0,0,0
강원도,인제군,규격봉투,매립용,생활쓰레기,가정용,0,0,40,0,60,90,150,300,0,740,0,0,1470,1700,0
강원도,인제군,규격봉투,소각용,생활쓰레기,가정용,0,0,40,0,60,90,150,300,0,740,0,0,1470,1700,0
강원도,정선군,규격봉투,기타,생활쓰레기,가정용,0,0,40,0,50,80,150,280,430,700,0,0,0,0,0
강원도,정선군,규격봉투,매립용,생활쓰레기,가정용,0,0,0,0,0,0,150,280,430,700,0,0,0,0,0
강원도,정선군,규격봉투,소각용,생활쓰레기,가정용,0,0,0,0,0,0,150,280,430,700,0,1040,0,0,0
강원도,철원군,규격봉투,기타,음식물쓰레기,가정용,0,0,0,0,0,110,190,0,0,0,0,0,0,0,0
강원도,철원군,규격봉투,매립용,생활쓰레기,가정용,0,0,0,0,0,0,190,400,0,970,0,0,0,0,0
강원도,철원군,규격봉투,소각용,생활쓰레기,가정용,0,0,0,0,0,0,190,400,0,970,0,0,1950,0,0
강원도,철원군,재사용규격봉투,소각용,생활쓰레기,가정용,0,0,0,0,0,0,190,400,0,0,0,0,0,0,0
강원도,춘천시,규격봉투,매립용,생활쓰레기,가정용,0,0,0,0,0,140,230,470,0,0,0,0,0,0,0
강원도,춘천시,규격봉투,매립용,음식물쓰레기,가정용,40,0,50,0,80,140,230,470,0,0,0,0,0,0,0
강원도,춘천시,규격봉투,소각용,생활쓰레기,가정용,0,0,0,0,80,140,230,470,0,1140,0,1710,0,0,0
강원도,춘천시,재사용규격봉투,소각용,생활쓰레기,가정용,0,0,0,0,0,0,230,470,0,0,0,0,0,0,0
강원도,태백시,규격봉투,소각용,생활쓰레기,가정용,0,0,0,0,0,100,190,370,0,890,0,1320,0,0,0
강원도,평창군,규격봉투,매립용,생활쓰레기,가정용,0,0,0,0,0,800,0,1260,0,0,0,0,0,0,0
강원도,평창군,규격봉투,소각용,생활쓰레기,가정용,0,0,0,0,0,0,260,490,0,1180,0,1760,2350,0,0
강원도,평창군,규격봉투,소각용,생활쓰레기,가정용,0,0,0,0,0,0,260,490,0,0,0,0,0,0,0
강원도,평창군,규격봉투,소각용,음식물쓰레기,가정용,0,0,0,0,70,130,260,490,0,0,0,0,0,0,0
강원도,홍천군,규격봉투,기타,음식물쓰레기,가정용,0,0,45,0,70,120,230,450,0,0,0,0,0,0,0
강원도,홍천군,규격봉투,매립용,생활쓰레기,가정용,0,0,0,0,0,0,230,450,0,0,0,0,0,0,0
강원도,홍천군,규격봉투,소각용,생활쓰레기,가정용,0,0,0,0,0,0,230,450,0,1110,0,0,2200,0,0
강원도,화천군,규격봉투,매립용,생활쓰레기,가정용,0,0,50,0,60,70,120,230,350,560,0,0,1110,0,0
강원도,화천군,규격봉투,소각용,생활쓰레기,가정용,0,0,50,0,60,70,120,230,0,0,0,0,0,0,0
강원도,화천군,규격봉투,소각용,생활쓰레기,가정용,0,0,50,0,60,70,120,230,350,560,0,0,1110,0,0
강원도,횡성군,규격봉투,매립용,생활쓰레기,가정용,0,0,0,0,60,100,200,400,600,980,0,1500,0,0,0
강원도,횡성군,규격봉투,소각용,생활쓰레기,가정용,0,0,0,0,0,0,200,400,0,980,0,1500,0,0,0
강원도,횡성군,재사용규격봉투,소각용,생활쓰레기,가정용,0,0,0,0,0,0,200,400,0,0,0,0,0,0,0
경기도,가평군,규격봉투,기타,음식물쓰레기,가정용,30,0,50,0,70,120,250,500,0,0,0,0,0,0,0
경기도,가평군,규격봉투,매립용,생활쓰레기,가정용,0,0,0,0,0,0,250,500,0,1250,0,1870,0,0,0
경기도,가평군,규격봉투,소각용,생활쓰레기,가정용,0,0,0,0,0,0,250,500,0,1250,0,1870,0,0,0
경기도,가평군,재사용규격봉투,소각용,생활쓰레기,가정용,0,0,0,0,0,0,250,500,0,0,0,0,0,0,0
경기도,가평군,특수규격마대,기타,생활쓰레기,기타,0,0,0,0,0,0,0,0,0,0,3750,0,0,0,0
경기도,고양시,규격봉투,소각용,생활쓰레기,가정용,0,0,0,0,120,180,360,710,0,1760,0,2640,0,0,0
경기도,고양시,규격봉투,소각용,음식물쓰레기,가정용,50,0,90,0,120,180,360,710,0,0,0,0,0,0,0
경기도,과천시,규격봉투,소각용,생활쓰레기,가정용,0,0,60,0,70,120,230,440,0,1100,0,0,2200,0,0
경기도,과천시,규격봉투,소각용,생활쓰레기,가정용,0,0,0,0,0,0,230,440,0,0,0,0,0,0,0
경기도,과천시,규격봉투,소각용,음식물쓰레기,가정용,30,0,60,0,70,120,230,440,0,1100,0,0,0,0,0
경기도,광명시,규격봉투,소각용,생활쓰레기,가정용,40,0,60,0,90,140,260,500,0,1240,0,1850,0,0,0
경기도,광주시,규격봉투,기타,음식물쓰레기,가정용,0,40,0,0,80,140,280,560,0,0,0,0,0,0,0
경기도,광주시,규격봉투,소각용+매립용,생활쓰레기,가정용,0,0,0,0,0,140,280,560,840,1400,0,2100,0,0,0
경기도,광주시,재사용규격봉투,소각용+매립용,생활쓰레기,가정용,0,0,0,0,0,0,280,560,0,0,0,0,0,0,0
경기도,광주시,특수규격마대,매립용,생활쓰레기,가정용,0,0,0,0,0,0,0,1600,0,4000,0,0,0,0,0
경기도,구리시,규격봉투,소각용,생활쓰레기,가정용,0,0,0,0,90,140,260,510,0,1250,0,1860,2470,0,0
경기도,군포시,규격봉투,소각용,생활쓰레기,가정용,50,0,0,0,140,240,450,900,0,2220,0,3330,0,0,0
경기도,군포시,규격봉투,소각용,생활쓰레기,사업장용,0,0,0,0,0,0,0,0,0,3330,0,5000,0,0,0
경기도,군포시,규격봉투,소각용,음식물쓰레기,가정용,50,0,100,0,0,250,800,1600,0,0,0,0,0,0,0
경기도,군포시,특수규격마대,매립용,생활쓰레기,가정용,0,0,0,0,0,0,2500,5000,0,0,0,0,0,0,0
경기도,김포시,규격봉투,소각용,생활쓰레기,가정용,0,0,0,0,0,180,360,720,0,1800,0,2700,0,0,0
경기도,김포시,규격봉투,소각용,생활쓰레기,가정용,0,0,0,0,0,0,0,0,0,2400,0,3600,0,0,0
경기도,김포시,규격봉투,소각용,음식물쓰레기,가정용,0,70,0,0,140,240,490,990,0,0,0,0,0,0,0
경기도,김포시,재사용규격봉투,소각용,생활쓰레기,가정용,0,0,0,0,0,180,360,720,0,1800,0,2700,0,0,0
경기도,김포시,특수규격마대,매립용,생활쓰레기,가정용,0,0,0,0,0,0,0,1000,0,2500,0,0,0,0,0
경기도,남양주시,규격봉투,소각용,생활쓰레기,가정용,0,0,0,0,0,190,370,740,1110,1850,0,2780,0,0,0
경기도,동두천시,규격봉투,기타,음식물쓰레기,가정용,30,0,50,0,70,120,250,550,0,0,0,0,0,0,0
경기도,동두천시,규격봉투,소각용,생활쓰레기,가정용,0,0,0,0,0,120,250,550,0,1250,0,2000,0,0,0
경기도,동두천시,특수규격마대,매립용,생활쓰레기,가정용,0,0,0,0,0,0,0,2000,0,3600,0,0,0,0,0
경기도,부천시,규격봉투,매립용,음식물쓰레기,가정용,30,0,60,0,90,150,300,600,900,0,0,0,0,0,0
경기도,부천시,규격봉투,소각용,생활쓰레기,가정용,0,0,0,0,0,150,300,600,0,1500,0,2250,0,0,0
경기도,부천시,규격봉투,소각용,생활쓰레기,기타,0,0,0,0,0,0,0,0,0,0,0,0,0,0,0
경기도,부천시,재사용규격봉투,소각용,생활쓰레기,가정용,0,0,0,0,0,0,300,600,0,0,0,0,0,0,0
경기도,부천시,특수규격마대,매립용,생활쓰레기,가정용,0,0,0,0,0,0,300,0,900,0,0,0,0,0,0
경기도,성남시,규격봉투,소각용,생활쓰레기,가정용,0,0,0,0,0,130,250,500,0,1250,0,1880,0,0,0
경기도,성남시,규격봉투,소각용,생활쓰레기,사업장용,0,0,0,0,0,0,0,0,0,2010,0,3000,0,0,0
경기도,성남시,규격봉투,소각용,음식물쓰레기,가정용,20,0,50,0,80,130,250,500,0,0,0,0,0,0,0
경기도,성남시,재사용규격봉투,소각용,생활쓰레기,가정용,0,0,0,0,0,130,250,500,0,0,0,0,0,0,0
경기도,성남시,특수규격마대,매립용,생활쓰레기,가정용,0,0,0,0,0,340,660,1200,0,0,0,0,0,0,0
경기도,수원시,규격봉투,매립용,음식물쓰레기,가정용,0,0,0,0,0,150,300,0,0,0,0,0,0,0,0
경기도,수원시,규격봉투,소각용,생활쓰레기,가정용,0,0,0,0,0,150,300,600,0,1500,0,2250,0,0,0
경기도,수원시,규격봉투,소각용,음식물쓰레기,가정용,40,0,80,0,120,200,400,800,0,2000,0,0,0,0,0
경기도,수원시,재사용규격봉투,소각용,생활쓰레기,가정용,0,0,0,0,0,0,300,600,0,0,0,0,0,0,0
경기도,시흥시,규격봉투,매립용,생활쓰레기,가정용,0,0,0,0,110,180,350,700,0,1750,0,2630,0,0,0
경기도,시흥시,규격봉투,매립용,생활쓰레기,가정용,0,0,0,0,80,130,260,530,0,1300,0,0,0,0,0
경기도,시흥시,규격봉투,매립용,생활쓰레기,사업장용,0,0,0,0,0,0,0,1000,0,2500,0,0,5000,0,0
경기도,시흥시,규격봉투,매립용,음식물쓰레기,가정용,30,0,60,0,90,0,300,600,0,0,0,0,0,0,0
경기도,시흥시,규격봉투,소각용,생활쓰레기,가정용,0,0,0,0,0,0,520,0,1570,2610,0,3920,0,0,0
경기도,시흥시,규격봉투,소각용,생활쓰레기,가정용,0,0,0,0,0,0,0,0,1570,2610,0,0,5220,0,0
경기도,시흥시,규격봉투,소각용,음식물쓰레기,가정용,50,0,100,0,150,0,500,1000,1500,0,0,0,0,0,0
경기도,시흥시,재사용규격봉투,매립용,생활쓰레기,가정용,0,0,0,0,80,130,260,530,0,0,0,0,0,0,0
경기도,시흥시,특수규격마대,매립용,생활쓰레기,가정용,0,0,0,0,0,0,0,1500,0,3200,0,0,0,0,0
경기도,안산시,규격봉투,매립용,음식물쓰레기,가정용,40,0,60,0,90,130,250,500,0,1200,0,0,2400,0,0
경기도,안산시,규격봉투,소각용,생활쓰레기,가정용,0,0,0,0,90,130,250,500,0,1200,0,0,2400,0,0
경기도,안성시,규격봉투,소각용,생활쓰레기,가정용,20,0,40,0,70,110,220,440,0,1100,0,0,2200,0,0
경기도,안양시,규격봉투,매립용,생활쓰레기,사업장용,0,0,0,0,0,150,300,550,0,1400,0,2100,0,0,0
경기도,안양시,규격봉투,매립용,생활쓰레기,기타,0,0,0,0,0,150,300,550,0,1400,0,2100,0,0,0
경기도,안양시,규격봉투,매립용,생활쓰레기,가정용,0,0,0,0,0,150,300,550,0,1400,0,2100,0,0,0
경기도,안양시,규격봉투,소각용,생활쓰레기,가정용,0,0,0,0,0,150,300,550,0,1400,0,2100,0,0,0
경기도,안양시,규격봉투,소각용,생활쓰레기,사업장용,0,0,0,0,0,150,300,550,0,1400,0,2100,0,0,0
경기도,안양시,규격봉투,소각용,생활쓰레기,기타,0,0,0,0,0,150,300,550,0,1400,0,2100,0,0,0
경기도,안양시,규격봉투,소각용,음식물쓰레기,가정용,0,50,0,80,0,150,300,550,0,0,0,0,0,0,0
경기도,안양시,규격봉투,소각용,음식물쓰레기,사업장용,0,50,0,80,0,150,300,550,0,0,0,0,0,0,0
경기도,안양시,규격봉투,소각용,음식물쓰레기,기타,0,50,0,80,0,150,300,550,0,0,0,0,0,0,0
경기도,안양시,재사용규격봉투,매립용,생활쓰레기,가정용,0,0,0,0,0,0,300,550,0,0,0,0,0,0,0
경기도,안양시,재사용규격봉투,매립용,생활쓰레기,사업장용,0,0,0,0,0,0,300,550,0,0,0,0,0,0,0
경기도,안양시,재사용규격봉투,매립용,생활쓰레기,기타,0,0,0,0,0,0,300,550,0,0,0,0,0,0,0
경기도,안양시,재사용규격봉투,소각용,생활쓰레기,가정용,0,0,0,0,0,0,300,550,0,0,0,0,0,0,0
경기도,안양시,재사용규격봉투,소각용,생활쓰레기,사업장용,0,0,0,0,0,0,300,550,0,0,0,0,0,0,0
경기도,안양시,재사용규격봉투,소각용,생활쓰레기,기타,0,0,0,0,0,0,300,550,0,0,0,0,0,0,0
경기도,안양시,특수규격마대,매립용,생활쓰레기,가정용,0,0,0,0,0,0,0,1000,0,0,0,0,0,0,0
경기도,안양시,특수규격마대,매립용,생활쓰레기,사업장용,0,0,0,0,0,0,0,1000,0,0,0,0,0,0,0
경기도,안양시,특수규격마대,매립용,생활쓰레기,기타,0,0,0,0,0,0,0,1000,0,0,0,0,0,0,0
경기도,양주시,규격봉투,매립용,음식물쓰레기,가정용,30,0,0,0,90,150,300,600,0,0,0,0,0,0,0
경기도,양주시,규격봉투,소각용,생활쓰레기,가정용,0,0,0,0,90,150,300,600,0,1500,0,2250,0,0,0
경기도,양주시,특수규격마대,매립용,생활쓰레기,가정용,0,0,0,0,0,0,1000,2000,0,5000,0,0,0,0,0
경기도,양평군,규격봉투,기타,음식물쓰레기,가정용,50,0,0,0,90,150,300,0,0,0,0,0,0,0,0
경기도,양평군,규격봉투,소각용,생활쓰레기,가정용,0,0,0,0,0,140,280,560,840,1400,0,2100,0,0,0
경기도,양평군,규격봉투,소각용,생활쓰레기,가정용,0,0,0,0,0,140,280,560,0,0,0,0,0,0,0
경기도,양평군,특수규격마대,매립용,생활쓰레기,가정용,0,0,0,0,0,0,790,1550,0,0,0,0,0,0,0
경기도,여주시,규격봉투,매립용,음식물쓰레기,가정용,30,0,50,0,70,120,230,460,0,1150,0,0,0,0,0
경기도,여주시,규격봉투,소각용,생활쓰레기,가정용,0,0,0,0,0,120,230,460,0,1150,0,0,2300,0,0
경기도,여주시,재사용규격봉투,소각용,생활쓰레기,가정용,0,0,0,0,0,0,230,460,0,0,0,0,0,0,0
경기도,연천군,규격봉투,매립용,생활쓰레기,가정용,0,0,0,0,0,0,0,3000,0,0,0,0,0,0,0
경기도,연천군,규격봉투,소각용,생활쓰레기,가정용,0,0,0,0,0,0,290,560,0,1340,0,2050,0,0,0
경기도,연천군,규격봉투,소각용,음식물쓰레기,가정용,0,0,0,0,70,130,290,560,0,0,0,0,0,0,0
경기도,오산시,규격봉투,소각용,생활쓰레기,가정용,0,0,0,0,100,140,260,480,720,1200,0,2000,0,0,0
경기도,오산시,규격봉투,소각용,음식물쓰레기,가정용,40,0,80,0,130,220,440,880,0,0,0,0,0,0,0
경기도,오산시,재사용규격봉투,소각용,생활쓰레기,가정용,0,0,0,0,0,140,260,480,0,0,0,0,0,0,0
경기도,오산시,특수규격마대,매립용,생활쓰레기,가정용,0,0,0,0,0,0,0,1500,0,2000,0,0,0,0,0
경기도,용인시,규격봉투,소각용,생활쓰레기,가정용,0,0,0,0,0,170,330,660,0,1800,0,2700,0,0,0
경기도,용인시,규격봉투,소각용,음식물쓰레기,가정용,50,0,0,0,160,270,550,1100,0,0,0,0,0,0,0
경기도,용인시,재사용규격봉투,소각용,생활쓰레기,가정용,0,0,0,0,0,170,330,660,0,0,0,0,0,0,0
경기도,용인시,특수규격마대,소각용,생활쓰레기,가정용,0,0,0,0,0,0,0,1200,0,0,0,0,0,0,0
경기도,의왕시,규격봉투,소각용,생활쓰레기,가정용,0,0,0,0,0,190,350,680,0,1700,0,0,3300,0,0
경기도,의왕시,규격봉투,소각용,음식물쓰레기,가정용,80,0,160,0,240,400,800,1600,0,0,0,0,0,0,0
경기도,의왕시,재사용규격봉투,소각용,생활쓰레기,가정용,0,0,0,0,0,0,350,680,0,0,0,0,0,0,0
경기도,의왕시,특수규격마대,매립용,생활쓰레기,기타,0,0,0,0,0,0,0,0,0,3300,0,0,0,0,0
경기도,의정부시,규격봉투,소각용,생활쓰레기,가정용,0,0,0,0,0,210,360,730,0,1950,0,3600,0,0,0
경기도,의정부시,규격봉투,소각용,생활쓰레기,사업장용,0,0,0,0,0,0,0,0,0,0,0,5570,0,0,0
경기도,의정부시,규격봉투,소각용,음식물쓰레기,가정용,40,0,0,100,0,210,360,730,0,0,0,0,0,0,0
경기도,의정부시,재사용규격봉투,소각용,생활쓰레기,가정용,0,0,0,0,120,210,360,730,0,0,0,0,0,0,0
경기도,의정부시,특수규격마대,매립용,생활쓰레기,기타,0,0,0,0,0,0,0,2000,0,5000,0,0,0,0,0
경기도,의정부시,특수규격마대,소각용,생활쓰레기,기타,0,0,0,0,0,0,0,0,0,2700,0,0,5300,0,0
경기도,이천시,규격봉투,매립용,음식물쓰레기,가정용,50,0,0,0,110,180,350,700,0,1750,0,0,0,0,0
경기도,이천시,규격봉투,소각용,생활쓰레기,가정용,0,0,0,0,0,170,330,640,0,1580,0,2360,0,0,0
경기도,파주시,규격봉투,소각용,생활쓰레기,가정용,0,0,0,0,0,220,410,800,1190,1950,0,2910,3870,0,0
경기도,파주시,규격봉투,소각용,음식물쓰레기,가정용,60,0,100,0,140,220,410,800,0,0,0,0,0,0,0
경기도,평택시,규격봉투,소각용,생활쓰레기,가정용,0,0,0,0,0,130,250,500,0,1250,0,1880,0,0,0
경기도,평택시,규격봉투,소각용,음식물쓰레기,가정용,0,40,0,0,80,130,250,500,0,0,0,0,0,0,0
경기도,평택시,재사용규격봉투,소각용,생활쓰레기,가정용,0,0,0,0,0,130,250,500,0,0,0,0,0,0,0
경기도,포천시,규격봉투,소각용,생활쓰레기,가정용,0,0,0,0,0,140,280,560,840,1400,0,2100,0,0,0
경기도,포천시,재사용규격봉투,소각용,생활쓰레기,가정용,0,0,0,0,0,0,280,560,840,0,0,0,0,0,0
경기도,포천시,특수규격마대,매립용,생활쓰레기,가정용,0,0,0,0,0,0,0,560,0,1400,0,0,0,0,0
경기도,하남시,규격봉투,소각용,생활쓰레기,가정용,0,0,0,0,80,130,260,500,0,1240,0,1860,2470,0,0
경기도,화성시,재사용규격봉투,기타,음식물쓰레기,가정용,60,0,0,0,180,290,580,1170,0,0,0,0,0,0,0
경기도,화성시,재사용규격봉투,매립용,생활쓰레기,가정용,0,0,0,0,0,150,300,600,0,1500,0,0,0,0,0
경기도,화성시,재사용규격봉투,소각용,생활쓰레기,가정용,0,0,0,0,0,150,300,600,0,1500,0,2250,0,0,0
경기도,화성시,재사용규격봉투,소각용,생활쓰레기,가정용,0,0,0,0,0,150,300,600,0,0,0,0,0,0,0
경기도,화성시,재사용규격봉투,소각용,생활쓰레기,사업장용,0,0,0,0,0,0,0,0,0,2530,0,3800,0,0,0
경기도,화성시,특수규격마대,소각용,생활쓰레기,기타,0,0,0,0,0,0,0,0,2280,0,0,0,0,0,0
경상남도,거제시,규격봉투,소각용,생활쓰레기,가정용,0,0,0,0,0,0,0,0,0,1800,0,2750,0,0,0
경상남도,거제시,규격봉투,소각용,생활쓰레기,기타,0,0,0,0,0,0,0,0,1400,2200,0,3400,0,0,0
경상남도,거제시,규격봉투,소각용,생활쓰레기,사업장용,0,0,0,0,0,0,0,0,0,2350,0,3700,0,0,0
경상남도,거제시,재사용규격봉투,소각용,생활쓰레기,가정용,0,0,0,0,150,250,350,650,0,0,0,0,0,0,0
경상남도,거창군,규격봉투,소각용,생활쓰레기,가정용,0,0,0,0,0,100,200,400,0,900,0,1350,0,0,0
경상남도,거창군,재사용규격봉투,소각용,생활쓰레기,가정용,0,0,0,0,0,0,200,400,0,0,0,0,0,0,0
경상남도,거창군,특수규격마대,소각용,생활쓰레기,가정용,0,0,0,0,0,0,0,0,0,1060,0,0,0,0,0
경상남도,고성군,규격봉투,소각용,생활쓰레기,가정용,0,0,0,0,0,100,200,400,600,1000,0,0,2000,0,0
경상남도,김해시,규격봉투,소각용,생활쓰레기,가정용,0,0,0,0,0,200,400,800,1200,2400,0,3600,0,0,0
경상남도,남해군,규격봉투,매립용,생활쓰레기,가정용,0,0,0,0,0,100,200,400,0,1000,0,0,0,0,0
경상남도,밀양시,규격봉투,매립용,생활쓰레기,가정용,0,0,0,0,0,0,0,0,0,1720,0,0,0,0,0
경상남도,밀양시,규격봉투,소각용,생활쓰레기,가정용,0,0,0,0,0,210,370,700,0,1720,0,2560,0,0,0
경상남도,밀양시,재사용규격봉투,소각용,생활쓰레기,가정용,0,0,0,0,0,0,370,700,0,0,0,0,0,0,0
경상남도,사천시,규격봉투,매립용,생활쓰레기,가정용,0,0,0,0,80,130,250,500,0,0,0,0,0,0,0
경상남도,사천시,규격봉투,매립용,생활쓰레기,가정용,0,0,0,0,0,0,0,0,0,1440,0,0,0,0,0
경상남도,사천시,규격봉투,매립용,음식물쓰레기,가정용,0,0,0,0,0,130,250,500,0,1200,0,0,0,0,0
경상남도,산청군,규격봉투,매립용,생활쓰레기,가정용,0,0,0,0,80,120,230,450,0,1130,0,1690,0,0,0
경상남도,산청군,규격봉투,소각용,생활쓰레기,가정용,0,0,0,0,80,120,230,450,0,1130,0,1690,0,0,0
경상남도,산청군,특수규격마대,매립용,생활쓰레기,가정용,0,0,0,0,0,0,0,600,0,1500,0,0,0,0,0
경상남도,산청군,특수규격마대,소각용,생활쓰레기,가정용,0,0,0,0,0,0,0,600,0,1500,0,0,0,0,0
경상남도,양산시,규격봉투,소각용,생활쓰레기,가정용,0,0,0,0,140,250,500,950,1500,2350,0,0,4700,0,0
경상남도,양산시,재사용규격봉투,소각용,생활쓰레기,가정용,0,0,0,0,0,0,500,950,0,0,0,0,0,0,0
경상남도,양산시,특수규격마대,매립용,생활쓰레기,가정용,0,0,0,0,0,0,0,0,1830,0,0,0,0,0,0
경상남도,양산시,특수규격마대,소각용,생활쓰레기,가정용,0,0,0,0,0,0,0,0,0,2750,0,0,0,0,0
경상남도,의령군,규격봉투,매립용,음식물쓰레기,가정용,0,0,0,0,60,100,200,400,0,0,0,0,0,0,0
경상남도,의령군,규격봉투,소각용,생활쓰레기,가정용,0,0,0,0,0,0,200,400,0,1000,0,1500,0,0,0
경상남도,의령군,재사용규격봉투,소각용,생활쓰레기,가정용,0,0,0,0,0,0,200,400,0,0,0,0,0,0,0
경상남도,진주시,규격봉투,매립용,생활쓰레기,가정용,0,0,0,0,0,160,300,590,0,1430,0,2140,0,0,0
경상남도,창녕군,규격봉투,소각용,생활쓰레기,가정용,0,0,0,0,0,90,160,0,0,780,0,1150,0,0,0
경상남도,창녕군,재사용규격봉투,소각용,생활쓰레기,가정용,0,0,0,0,0,0,0,320,470,0,0,0,0,0,0
경상남도,창녕군,특수규격마대,매립용,생활쓰레기,가정용,0,0,0,0,0,0,270,0,770,0,0,1290,0,0,0
경상남도,창원시,규격봉투,소각용,생활쓰레기,가정용,0,0,0,0,0,170,350,700,0,1790,0,2690,0,0,0
경상남도,통영시,규격봉투,소각용,생활쓰레기,가정용,0,0,0,0,90,140,0,0,0,1240,0,1850,0,0,0
경상남도,통영시,규격봉투,소각용,음식물쓰레기,가정용,0,0,0,0,90,140,260,500,0,0,0,0,0,0,0
경상남도,통영시,재사용규격봉투,소각용,생활쓰레기,가정용,0,0,0,0,0,0,260,500,0,0,0,0,0,0,0
경상남도,하동군,규격봉투,소각용,생활쓰레기,가정용,0,0,0,0,0,100,200,400,0,900,0,1350,0,0,0
경상남도,함안군,규격봉투,소각용,생활쓰레기,가정용,0,0,0,0,0,0,0,0,0,1000,0,1500,0,0,0
경상남도,함안군,규격봉투,소각용,음식물쓰레기,가정용,0,0,0,0,40,100,200,400,0,0,0,0,0,0,0
경상남도,함안군,재사용규격봉투,소각용,생활쓰레기,가정용,0,0,0,0,0,0,200,400,0,0,0,0,0,0,0
경상남도,함안군,특수규격마대,매립용,생활쓰레기,가정용,0,0,0,0,0,0,300,600,0,1500,0,0,0,0,0
경상남도,함양군,규격봉투,소각용,생활쓰레기,가정용,0,0,0,0,60,100,200,400,0,980,0,0,0,0,0
경상남도,함양군,특수규격마대,매립용,생활쓰레기,가정용,0,0,0,0,0,0,0,0,0,1230,0,0,0,0,0
경상남도,합천군,규격봉투,매립용,생활쓰레기,가정용,0,0,0,0,0,0,0,430,0,1040,0,0,0,0,0
경상남도,합천군,규격봉투,소각용,생활쓰레기,가정용,0,0,0,0,0,90,170,350,520,860,0,1320,0,0,0
경상남도,합천군,규격봉투,소각용,음식물쓰레기,가정용,0,0,0,0,70,90,170,350,0,0,0,0,0,0,0
경상북도,경산시,재사용규격봉투,소각용,생활쓰레기,가정용,0,0,0,0,0,120,220,430,0,1050,0,0,2090,0,0
경상북도,경주시,규격봉투,소각용,생활쓰레기,가정용,0,0,0,0,0,90,180,350,520,850,0,1340,0,0,0
경상북도,경주시,재사용규격봉투,소각용,생활쓰레기,가정용,0,0,0,0,0,0,180,350,520,0,0,0,0,0,0
경상북도,경주시,특수규격마대,매립용,생활쓰레기,가정용,0,0,0,0,0,0,500,0,0,0,0,0,0,0,0
경상북도,고령군,규격봉투,소각용,생활쓰레기,가정용,20,0,40,0,50,90,180,360,540,900,0,1350,1800,0,0
경상북도,고령군,특수규격마대,매립용,생활쓰레기,가정용,0,0,0,0,0,0,0,900,0,2300,0,0,0,0,0
경상북도,구미시,규격봉투,소각용,생활쓰레기,가정용,0,0,0,0,0,150,300,600,0,1500,0,2250,0,0,0
경상북도,구미시,규격봉투,소각용,음식물쓰레기,가정용,0,0,0,0,0,0,0,1000,0,0,0,0,0,0,0
경상북도,구미시,재사용규격봉투,소각용,생활쓰레기,가정용,0,0,0,0,0,0,300,600,0,0,0,0,0,0,0
경상북도,구미시,특수규격마대,매립용,생활쓰레기,가정용,0,0,0,0,0,0,1000,0,0,0,0,0,0,0,0
경상북도,군위군,규격봉투,소각용,생활쓰레기,가정용,0,0,0,0,0,70,130,240,0,600,0,0,1190,0,0
경상북도,김천시,규격봉투,소각용,생활쓰레기,가정용,0,0,0,0,0,100,180,350,0,860,0,1270,0,0,0
경상북도,문경시,규격봉투,소각용,생활쓰레기,가정용,0,0,0,0,0,70,140,270,0,650,0,930,1200,0,0
경상북도,봉화군,규격봉투,매립용,생활쓰레기,가정용,0,0,0,0,50,80,150,250,0,600,0,0,1200,0,0
경상북도,상주시,규격봉투,소각용,생활쓰레기,가정용,0,0,0,0,0,100,160,290,0,720,0,1080,0,0,0
경상북도,성주군,규격봉투,매립용,생활쓰레기,가정용,0,0,0,0,0,80,150,300,440,720,0,1070,1420,0,0
경상북도,성주군,규격봉투,소각용,생활쓰레기,가정용,0,0,0,0,0,80,150,300,440,720,0,1070,1420,0,0
경상북도,안동시,규격봉투,매립용,생활쓰레기,가정용,0,0,0,0,0,80,150,0,0,0,0,0,0,0,0
경상북도,안동시,규격봉투,소각용,생활쓰레기,가정용,0,0,0,0,0,80,150,300,0,720,0,0,1440,0,0
경상북도,안동시,규격봉투,소각용,음식물쓰레기,가정용,0,0,0,0,60,80,150,300,0,0,0,0,0,0,0
경상북도,안동시,재사용규격봉투,소각용,생활쓰레기,가정용,0,0,0,0,0,0,150,300,0,0,0,0,0,0,0
경상북도,영덕군,규격봉투,기타,음식물쓰레기,가정용,30,0,50,0,0,80,130,250,0,0,0,0,0,0,0
경상북도,영덕군,규격봉투,소각용,생활쓰레기,가정용,0,0,0,0,0,0,130,250,0,600,0,900,0,0,0
경상북도,영양군,규격봉투,매립용,생활쓰레기,가정용,0,0,0,0,0,0,100,200,0,480,0,0,960,0,0
경상북도,영양군,규격봉투,매립용,음식물쓰레기,가정용,0,0,0,0,40,60,0,0,0,0,0,0,0,0,0
경상북도,영양군,규격봉투,소각용,생활쓰레기,가정용,0,0,0,0,0,0,100,200,0,480,0,0,960,0,0
경상북도,영양군,재사용규격봉투,소각용,생활쓰레기,가정용,0,0,0,0,0,0,100,200,0,0,0,0,0,0,0
경상북도,영주시,규격봉투,기타,음식물쓰레기,가정용,0,0,60,0,90,150,300,600,0,0,0,0,0,0,0
경상북도,영주시,규격봉투,매립용,생활쓰레기,가정용,0,0,0,0,0,120,210,390,0,0,0,0,0,0,0
경상북도,영주시,규격봉투,소각용,생활쓰레기,가정용,0,0,0,0,0,0,0,0,0,960,0,1470,0,0,0
경상북도,영주시,재사용규격봉투,소각용,생활쓰레기,가정용,0,0,0,0,0,120,210,390,0,0,0,0,0,0,0
경상북도,영천시,규격봉투,소각용,생활쓰레기,가정용,0,0,0,0,0,90,180,360,0,900,0,1350,1800,0,0
경상북도,영천시,재사용규격봉투,소각용,생활쓰레기,가정용,0,0,0,0,0,90,180,360,0,0,0,0,0,0,0
경상북도,예천군,규격봉투,소각용,생활쓰레기,가정용,0,0,0,0,0,80,150,300,0,720,0,0,1440,0,0
경상북도,예천군,규격봉투,소각용,음식물쓰레기,가정용,0,0,60,0,90,150,300,600,0,0,0,0,0,0,0
경상북도,울릉군,규격봉투,소각용,생활쓰레기,가정용,0,0,0,0,0,100,170,300,0,710,0,1060,0,0,0
경상북도,울진군,규격봉투,매립용+소각용,생활쓰레기,가정용,0,0,0,0,0,120,210,400,0,1050,0,1570,2100,0,0
경상북도,의성군,규격봉투,소각용,생활쓰레기,가정용,0,0,0,0,60,85,170,340,0,750,0,0,1500,0,0
경상북도,청도군,재사용규격봉투,소각용,생활쓰레기,가정용,0,0,0,0,50,80,150,290,430,710,0,1060,1400,0,0
경상북도,청송군,규격봉투,소각용,생활쓰레기,가정용,0,0,0,0,30,40,70,140,0,320,0,0,650,0,0
경상북도,청송군,규격봉투,소각용,생활쓰레기,사업장용,0,0,0,0,30,40,70,140,0,320,0,0,650,0,0
경상북도,청송군,규격봉투,소각용,생활쓰레기,가정용,0,0,0,0,50,70,130,250,0,590,0,0,1200,0,0
경상북도,청송군,규격봉투,소각용,생활쓰레기,사업장용,0,0,0,0,50,70,130,250,0,590,0,0,1200,0,0
경상북도,칠곡군,규격봉투,소각용,생활쓰레기,가정용,0,0,0,0,70,100,180,350,0,900,0,1350,0,0,0
경상북도,포항시,규격봉투,소각용,생활쓰레기,가정용,0,0,0,0,130,220,450,900,0,2250,0,3370,0,0,0
광주광역시,광산구,규격봉투,매립용,생활쓰레기,가정용,0,0,0,0,0,200,380,740,1110,1830,0,2730,0,0,0
광주광역시,남구,규격봉투,소각용,생활쓰레기,가정용,0,0,0,0,0,200,380,740,1110,1830,0,2730,0,0,0
광주광역시,남구,재사용규격봉투,소각용,생활쓰레기,가정용,0,0,0,0,0,0,380,740,0,0,0,0,0,0,0
광주광역시,동구,규격봉투,소각용,생활쓰레기,가정용,0,0,0,0,0,200,380,740,1110,1830,0,2730,0,0,0
광주광역시,북구,규격봉투,매립용,생활쓰레기,가정용,0,0,0,0,0,200,380,740,1110,1830,0,2730,0,0,0
광주광역시,서구,규격봉투,매립용,생활쓰레기,가정용,0,0,0,0,0,200,380,740,1110,1830,0,2730,0,0,0
광주광역시,없음,규격봉투,매립용,생활쓰레기,가정용,0,0,0,0,0,200,380,740,1110,1830,0,2730,0,0,0
대구광역시,남구,규격봉투,매립용,생활쓰레기,가정용,0,0,0,0,100,150,0,0,850,1400,0,2080,0,0,0
대구광역시,남구,재사용규격봉투,매립용,생활쓰레기,가정용,0,0,0,0,0,0,290,560,0,0,0,0,0,0,0
대구광역시,달서구,규격봉투,소각용,생활쓰레기,가정용,0,0,0,0,100,150,290,560,850,1400,0,2080,2770,0,0
대구광역시,달성군,규격봉투,매립용,생활쓰레기,가정용,0,0,0,0,0,150,290,560,850,1400,0,2080,2770,0,0
대구광역시,동구,규격봉투,소각용,생활쓰레기,가정용,0,0,0,0,100,150,290,560,850,1400,0,2080,0,0,0
대구광역시,북구,규격봉투,소각용,생활쓰레기,가정용,0,0,0,0,100,150,290,560,850,1400,0,2080,0,0,0
대구광역시,서구,규격봉투,매립용,생활쓰레기,가정용,0,0,0,0,100,150,290,560,850,1400,0,2080,2770,0,0
대구광역시,수성구,규격봉투,매립용,생활쓰레기,가정용,0,0,0,0,100,150,290,560,0,1400,0,2080,0,0,0
대구광역시,중구,규격봉투,소각용,생활쓰레기,가정용,0,0,0,0,100,150,290,560,850,1400,0,2080,2770,0,0
대전광역시,대덕구,규격봉투,소각용,생활쓰레기,가정용,0,0,0,0,100,170,330,660,0,1650,0,2480,0,0,0
대전광역시,대덕구,재사용규격봉투,소각용,생활쓰레기,가정용,0,0,0,0,0,0,330,660,0,0,0,0,0,0,0
대전광역시,대덕구,특수규격마대,매립용,생활쓰레기,가정용,0,0,0,0,0,0,0,0,0,2630,0,0,0,0,0
대전광역시,동구,규격봉투,매립용,생활쓰레기,가정용,0,0,0,0,100,170,330,660,0,1650,0,2480,0,0,0
대전광역시,동구,규격봉투,소각용,생활쓰레기,가정용,0,0,0,0,100,170,330,660,0,1650,0,2480,0,0,0
대전광역시,동구,재사용규격봉투,매립용,생활쓰레기,가정용,0,0,0,0,0,0,330,660,0,0,0,0,0,0,0
대전광역시,동구,재사용규격봉투,소각용,생활쓰레기,가정용,0,0,0,0,0,0,330,660,0,0,0,0,0,0,0
대전광역시,동구,특수규격마대,매립용,생활쓰레기,가정용,0,0,0,0,0,0,0,0,0,2630,0,0,0,0,0
대전광역시,서구,규격봉투,소각용,생활쓰레기,기타,0,0,0,0,100,170,330,660,0,1650,0,2480,0,0,0
대전광역시,유성구,규격봉투,소각용,생활쓰레기,가정용,0,0,0,0,100,170,330,660,0,1650,0,2480,0,0,0
대전광역시,중구,규격봉투,매립용,생활쓰레기,가정용,0,0,0,0,100,170,330,660,0,1650,0,2480,0,0,0
대전광역시,중구,재사용규격봉투,매립용,생활쓰레기,가정용,0,0,0,0,0,0,330,660,0,0,0,0,0,0,0
부산광역시,강서구,규격봉투,소각용,생활쓰레기,가정용,0,0,0,0,0,150,270,510,780,1240,0,1830,0,0,0
부산광역시,금정구,규격봉투,매립용,생활쓰레기,가정용,0,0,0,0,0,220,430,850,1280,2070,0,3080,0,0,0
부산광역시,금정구,규격봉투,소각용,생활쓰레기,가정용,0,0,0,0,0,220,430,850,1280,2070,0,3080,0,0,0
부산광역시,금정구,재사용규격봉투,매립용,생활쓰레기,가정용,0,0,0,0,0,0,430,850,0,0,0,0,0,0,0
부산광역시,금정구,재사용규격봉투,소각용,생활쓰레기,가정용,0,0,0,0,0,0,430,850,0,0,0,0,0,0,0
부산광역시,기장군,규격봉투,소각용,생활쓰레기,가정용,0,0,0,0,0,150,300,590,0,1470,0,2200,0,0,0
부산광역시,남구,규격봉투,소각용,생활쓰레기,가정용,0,0,0,0,120,180,340,680,1020,1670,0,2490,0,0,0
부산광역시,동구,규격봉투,소각용,생활쓰레기,가정용,0,0,0,0,140,220,430,850,1280,2070,0,3080,0,0,0
부산광역시,동구,규격봉투,소각용,생활쓰레기,사업장용,0,0,0,0,0,0,0,0,0,2270,0,3530,0,0,0
부산광역시,동구,재사용규격봉투,소각용,생활쓰레기,가정용,0,0,0,0,0,0,430,850,0,0,0,0,0,0,0
부산광역시,동구,특수규격마대,매립용,생활쓰레기,가정용,0,0,0,0,0,0,0,0,0,3470,0,0,0,0,0
부산광역시,동래구,규격봉투,소각용,생활쓰레기,가정용,0,0,0,0,140,220,430,850,1280,2070,0,3080,4090,0,0
부산광역시,동래구,재사용규격봉투,매립용,생활쓰레기,가정용,0,0,0,0,0,0,0,0,1280,0,0,0,0,0,0
부산광역시,동래구,재사용규격봉투,소각용,생활쓰레기,가정용,0,0,0,0,0,0,430,850,0,0,0,0,0,0,0
부산광역시,부산진구,규격봉투,소각용,생활쓰레기,기타,0,0,0,0,0,220,300,850,1280,2070,0,3080,0,0,0
부산광역시,북구,규격봉투,소각용,생활쓰레기,가정용,0,0,0,0,0,170,340,680,1020,1660,0,2470,0,0,0
부산광역시,북구,재사용규격봉투,소각용,생활쓰레기,가정용,0,0,0,0,0,0,340,680,0,0,0,0,0,0,0
부산광역시,사상구,규격봉투,매립용,생활쓰레기,기타,0,0,0,0,0,0,0,0,2000,3300,0,0,0,0,0
부산광역시,사상구,규격봉투,매립용,생활쓰레기,기타,0,0,0,0,0,0,0,0,1280,0,0,0,0,0,0
부산광역시,사상구,규격봉투,소각용,생활쓰레기,가정용,0,0,0,0,0,220,430,850,1280,2070,0,3080,4090,0,0
부산광역시,사상구,규격봉투,소각용,생활쓰레기,사업장용,0,0,0,0,0,0,0,0,1460,2370,0,3530,4690,0,0
부산광역시,사상구,재사용규격봉투,소각용,생활쓰레기,가정용,0,0,0,0,0,220,430,850,0,0,0,0,0,0,0
부산광역시,사하구,규격봉투,매립용,생활쓰레기,가정용,0,0,0,0,0,220,430,850,1280,2070,0,3080,0,0,0
부산광역시,사하구,규격봉투,매립용,생활쓰레기,사업장용,0,0,0,0,0,0,0,0,1280,2070,0,0,0,0,0
부산광역시,사하구,재사용규격봉투,매립용,생활쓰레기,가정용,0,0,0,0,0,0,430,850,0,0,0,0,0,0,0
부산광역시,사하구,특수규격마대,매립용,생활쓰레기,가정용,0,0,0,0,0,0,0,0,3000,0,0,0,0,0,0
부산광역시,사하구,특수규격마대,매립용,생활쓰레기,가정용,0,0,0,0,0,0,0,0,1280,0,0,0,0,0,0
부산광역시,서구,규격봉투,매립용,생활쓰레기,가정용,0,0,0,0,140,220,430,850,1280,2070,0,3080,0,0,0
부산광역시,수영구,규격봉투,소각용,생활쓰레기,가정용,0,0,0,0,140,220,430,850,1280,2070,0,3080,0,0,0
부산광역시,수영구,규격봉투,소각용,생활쓰레기,사업장용,0,0,0,0,0,0,0,0,0,2270,0,3380,0,0,0
부산광역시,수영구,재사용규격봉투,소각용,생활쓰레기,가정용,0,0,0,0,0,220,430,850,0,0,0,0,0,0,0
부산광역시,수영구,특수규격마대,매립용,생활쓰레기,가정용,0,0,0,0,0,0,430,850,1280,0,0,0,0,0,0
부산광역시,수영구,특수규격마대,매립용,생활쓰레기,가정용,0,0,0,0,0,0,0,2400,3600,0,0,0,0,0,0
부산광역시,연제구,규격봉투,소각용,생활쓰레기,가정용,0,0,0,0,130,200,390,770,1150,1860,0,2770,3680,0,0
부산광역시,영도구,규격봉투,소각용,생활쓰레기,가정용,0,0,0,0,0,220,430,850,1280,2070,0,3080,0,0,0
부산광역시,중구,규격봉투,소각용,생활쓰레기,가정용,0,0,0,0,0,220,430,850,1280,2070,0,3080,0,0,0
부산광역시,중구,재사용규격봉투,소각용,생활쓰레기,가정용,0,0,0,0,0,0,430,850,0,0,0,0,0,0,0
부산광역시,중구,특수규격마대,매립용,생활쓰레기,가정용,0,0,0,0,0,0,0,0,1280,4490,0,6590,0,0,0
부산광역시,해운대구,규격봉투,소각용,생활쓰레기,가정용,0,0,0,0,140,220,430,850,1280,2070,0,3080,0,0,0
부산광역시,해운대구,규격봉투,소각용,생활쓰레기,사업장용,0,0,0,0,0,230,450,890,1340,2170,0,3230,0,0,0
부산광역시,해운대구,특수규격마대,매립용,생활쓰레기,가정용,0,0,0,0,0,0,430,0,1280,2070,0,0,0,0,0
서울특별시,강남구,규격봉투,소각용,생활쓰레기,가정용,0,0,0,0,0,130,250,490,740,1250,0,0,0,0,0
서울특별시,강남구,재사용규격봉투,소각용,생활쓰레기,가정용,0,0,0,0,0,0,250,490,0,0,0,0,0,0,0
서울특별시,강동구,규격봉투,기타,음식물쓰레기,가정용,100,0,190,0,300,500,1000,0,0,0,0,0,0,0,0
서울특별시,강동구,재사용규격봉투,소각용,생활쓰레기,기타,0,0,0,0,90,130,250,490,740,1250,0,1880,2500,0,0
서울특별시,강동구,재사용규격봉투,소각용,생활쓰레기,기타,0,0,0,0,0,0,250,490,0,0,0,0,0,0,0
서울특별시,강동구,특수규격마대,매립용,생활쓰레기,기타,0,0,0,0,0,0,1020,2040,0,5100,0,0,0,0,0
서울특별시,강북구,규격봉투,매립용,음식물쓰레기,가정용,100,0,200,0,300,500,0,0,0,0,0,0,0,0,0
서울특별시,강북구,규격봉투,소각용,생활쓰레기,가정용,0,0,0,0,0,130,250,490,740,1250,0,1880,0,0,0
서울특별시,강북구,재사용규격봉투,소각용,생활쓰레기,가정용,0,0,0,0,0,0,250,490,0,0,0,0,0,0,0
서울특별시,강북구,특수규격마대,매립용,생활쓰레기,기타,0,0,0,0,0,0,1020,2040,0,5100,0,0,0,0,0
서울특별시,강서구,규격봉투,소각용,생활쓰레기,가정용,0,0,60,0,90,130,250,490,740,1250,0,1880,0,0,0
서울특별시,강서구,규격봉투,소각용,생활쓰레기,사업장용,0,0,0,0,0,0,0,0,0,2000,0,0,4000,0,0
서울특별시,강서구,규격봉투,소각용,음식물쓰레기,가정용,100,0,190,0,300,500,1000,2000,0,0,0,0,0,0,0
서울특별시,강서구,재사용규격봉투,소각용,생활쓰레기,가정용,0,0,0,0,0,0,0,490,0,0,0,0,0,0,0
서울특별시,강서구,특수규격마대,매립용,생활쓰레기,가정용,0,0,0,0,0,0,0,2040,0,5100,0,0,0,0,0
서울특별시,관악구,규격봉투,소각용,생활쓰레기,가정용,0,0,0,0,90,130,250,490,740,1250,0,1880,0,0,0
서울특별시,관악구,규격봉투,소각용,음식물쓰레기,가정용,100,0,190,0,300,500,0,0,0,0,0,0,0,0,0
서울특별시,광진구,규격봉투,매립용,생활쓰레기,가정용,0,0,0,0,0,130,250,490,0,0,0,0,0,0,0
서울특별시,광진구,규격봉투,매립용,생활쓰레기,사업장용,0,0,0,0,0,0,0,0,0,1330,0,2000,0,0,0
서울특별시,광진구,규격봉투,매립용,음식물쓰레기,가정용,100,0,190,0,300,500,0,0,0,0,0,0,0,12000,0
서울특별시,광진구,규격봉투,소각용,생활쓰레기,가정용,0,0,0,0,90,130,250,490,0,0,0,0,0,0,0
서울특별시,광진구,규격봉투,소각용,생활쓰레기,사업장용,0,0,0,0,0,0,0,0,0,1330,0,2000,0,0,0
서울특별시,광진구,특수규격마대,매립용,생활쓰레기,가정용,0,0,0,0,0,0,1020,2040,0,5100,0,0,0,0,0
서울특별시,구로구,규격봉투,소각용,생활쓰레기,가정용,0,0,0,0,0,130,250,490,740,1250,0,1880,0,0,0
서울특별시,구로구,규격봉투,소각용,생활쓰레기,사업장용,0,0,0,0,0,0,0,0,0,2000,0,3000,0,0,0
서울특별시,구로구,규격봉투,소각용,음식물쓰레기,가정용,100,0,190,0,300,500,1000,2000,0,0,0,0,0,0,0
서울특별시,구로구,재사용규격봉투,소각용,생활쓰레기,가정용,0,0,0,0,0,0,250,490,0,0,0,0,0,0,0
서울특별시,구로구,특수규격마대,매립용,생활쓰레기,가정용,0,0,0,0,0,0,0,2040,0,5100,0,0,0,0,0
서울특별시,금천구,규격봉투,매립용,생활쓰레기,가정용,0,0,0,0,90,130,250,490,740,1250,0,1880,0,0,0
서울특별시,금천구,규격봉투,매립용,음식물쓰레기,가정용,100,0,190,0,300,500,1000,0,0,0,0,0,0,0,0
서울특별시,금천구,재사용규격봉투,매립용,생활쓰레기,가정용,0,0,0,0,0,0,0,490,0,0,0,0,0,0,0
서울특별시,금천구,특수규격마대,매립용,생활쓰레기,가정용,0,0,0,0,0,0,0,0,0,5100,0,0,0,0,0
서울특별시,동대문구,규격봉투,소각용,생활쓰레기,사업장용,0,0,0,0,0,0,0,0,0,0,0,0,0,0,0
서울특별시,동대문구,규격봉투,소각용,생활쓰레기,가정용,0,0,0,0,0,130,250,490,740,1250,0,1880,0,0,0
서울특별시,동대문구,규격봉투,소각용,음식물쓰레기,가정용,100,0,190,0,300,500,1000,0,0,0,0,0,0,0,0
서울특별시,동대문구,재사용규격봉투,소각용,생활쓰레기,가정용,0,0,0,0,0,0,250,490,0,0,0,0,0,0,0
서울특별시,동대문구,특수규격마대,매립용,생활쓰레기,가정용,0,0,0,0,0,0,1020,2040,0,0,0,0,0,0,0
서울특별시,동작구,규격봉투,기타,생활쓰레기,가정용,100,0,190,0,300,500,1000,0,0,0,0,0,0,0,0
서울특별시,동작구,규격봉투,매립용,생활쓰레기,사업장용,0,0,0,0,0,0,0,800,0,2000,0,0,4000,0,0
서울특별시,동작구,규격봉투,매립용,생활쓰레기,가정용,0,0,0,0,0,0,0,2040,0,5100,0,0,0,0,0
서울특별시,동작구,규격봉투,소각용,생활쓰레기,가정용,0,0,0,0,90,130,250,490,740,1250,0,1880,0,0,0
서울특별시,마포구,규격봉투,매립용,음식물쓰레기,가정용,100,0,190,0,300,500,0,0,0,0,0,0,0,0,0
서울특별시,마포구,규격봉투,매립용,음식물쓰레기,사업장용,0,0,0,0,0,0,1400,2800,0,0,0,0,0,0,0
서울특별시,마포구,규격봉투,소각용,생활쓰레기,가정용,0,0,0,0,0,130,250,490,740,1250,0,1880,2500,0,0
서울특별시,마포구,규격봉투,소각용,생활쓰레기,사업장용,0,0,0,0,0,0,0,0,0,0,0,0,4000,0,0
서울특별시,마포구,재사용규격봉투,소각용,생활쓰레기,가정용,0,0,0,0,0,0,0,490,0,0,0,0,0,0,0
서울특별시,마포구,특수규격마대,기타,생활쓰레기,가정용,0,0,0,0,0,0,0,2040,0,5100,0,0,0,0,0
서울특별시,서대문구,규격봉투,소각용,생활쓰레기,가정용,0,0,0,0,0,130,250,490,0,1250,0,1880,2500,0,0
서울특별시,서대문구,규격봉투,소각용,음식물쓰레기,가정용,100,0,200,0,300,500,1000,2000,0,0,0,0,0,0,0
서울특별시,서대문구,재사용규격봉투,소각용,생활쓰레기,가정용,0,0,0,0,0,0,250,490,0,0,0,0,0,0,0
서울특별시,서대문구,특수규격마대,소각용,생활쓰레기,가정용,0,0,0,0,0,0,0,2040,0,5100,0,0,0,0,0
서울특별시,서초구,규격봉투,기타,음식물쓰레기,가정용,100,0,200,0,300,500,1000,2000,0,0,0,0,0,0,0
서울특별시,서초구,규격봉투,소각용,생활쓰레기,가정용,0,0,60,0,0,130,250,490,0,1250,0,0,0,0,0
서울특별시,서초구,규격봉투,소각용,생활쓰레기,영업용,0,0,0,0,0,0,0,520,0,1330,0,2000,0,0,0
서울특별시,서초구,재사용규격봉투,소각용,생활쓰레기,가정용,0,0,0,0,0,0,250,490,0,0,0,0,0,0,0
서울특별시,서초구,특수규격마대,매립용,생활쓰레기,기타,0,0,0,0,0,0,0,2040,0,5100,0,0,0,0,0
서울특별시,성동구,규격봉투,매립용,생활쓰레기,가정용,0,0,0,0,90,130,250,490,740,1250,0,0,0,0,0
서울특별시,성동구,규격봉투,매립용,생활쓰레기,사업장용,0,0,0,0,0,0,0,520,780,1330,0,2000,0,0,0
서울특별시,성동구,규격봉투,매립용,음식물쓰레기,가정용,100,0,190,0,300,500,0,0,0,0,0,0,0,0,0
서울특별시,성동구,규격봉투,소각용,생활쓰레기,가정용,0,0,0,0,90,130,250,490,740,1250,0,0,0,0,0
서울특별시,성동구,규격봉투,소각용,생활쓰레기,사업장용,0,0,0,0,0,0,0,520,780,1330,0,2000,0,0,0
서울특별시,성동구,재사용규격봉투,매립용,생활쓰레기,가정용,0,0,0,0,0,130,250,490,0,0,0,0,0,0,0
서울특별시,성동구,재사용규격봉투,소각용,생활쓰레기,가정용,0,0,0,0,0,130,250,490,0,0,0,0,0,0,0
서울특별시,성동구,특수규격마대,매립용,생활쓰레기,가정용,0,0,0,0,0,0,1020,2040,0,5100,0,0,0,0,0
서울특별시,성동구,특수규격마대,소각용,생활쓰레기,가정용,0,0,0,0,0,0,1020,2040,0,5100,0,0,0,0,0
서울특별시,성북구,규격봉투,기타,음식물쓰레기,가정용,100,0,190,0,300,500,0,0,0,0,0,0,0,0,0
서울특별시,성북구,규격봉투,소각용,생활쓰레기,가정용,0,0,0,0,0,130,250,490,740,1250,0,0,0,0,0
서울특별시,성북구,규격봉투,소각용,생활쓰레기,영업장용,0,0,0,0,0,0,0,520,780,1330,0,2000,0,0,0
서울특별시,성북구,재사용규격봉투,소각용,생활쓰레기,가정용,0,0,0,0,0,0,250,490,0,0,0,0,0,0,0
서울특별시,성북구,특수규격마대,매립용,생활쓰레기,범용,0,0,0,0,0,0,1020,2040,3060,0,0,0,0,0,0
서울특별시,송파구,규격봉투,매립용,생활쓰레기,가정용,0,0,0,0,90,130,250,490,0,1250,0,1880,0,0,0
서울특별시,송파구,규격봉투,소각용,생활쓰레기,가정용,0,0,0,0,90,130,250,490,0,1250,0,1880,0,0,0
서울특별시,송파구,김장용봉투,소각용,음식물쓰레기,가정용,0,0,0,0,0,0,0,2000,0,0,0,0,0,0,0
서울특별시,송파구,재사용규격봉투,매립용,생활쓰레기,가정용,0,0,0,0,0,0,250,490,0,0,0,0,0,0,0
서울특별시,송파구,재사용규격봉투,소각용,생활쓰레기,가정용,0,0,0,0,0,0,250,490,0,0,0,0,0,0,0
서울특별시,송파구,특수규격마대,매립용,생활쓰레기,기타,0,0,0,0,0,0,0,2040,0,5100,0,0,0,0,0
서울특별시,양천구,규격봉투,소각용,생활쓰레기,가정용,0,0,0,0,0,130,250,490,740,1250,0,1880,0,0,0
서울특별시,영등포구,규격봉투,기타,음식물쓰레기,가정용,100,0,190,0,300,500,1000,2000,0,0,0,0,0,0,0
서울특별시,영등포구,규격봉투,소각용,생활쓰레기,가정용,0,0,60,0,0,130,250,490,740,1250,0,1880,0,0,0
서울특별시,영등포구,재사용규격봉투,소각용,생활쓰레기,가정용,0,0,0,0,90,130,250,490,740,0,0,0,0,0,0
서울특별시,영등포구,특수규격마대,매립용,생활쓰레기,가정용,0,0,0,0,0,0,1020,2040,0,0,0,0,0,0,0
서울특별시,용산구,규격봉투,기타,생활쓰레기,가정용,0,0,0,0,90,130,250,490,740,1250,0,1880,2500,0,0
서울특별시,용산구,규격봉투,기타,생활쓰레기,사업장용,0,0,0,0,0,0,0,0,0,2000,0,3000,4000,0,0
서울특별시,용산구,규격봉투,기타,음식물쓰레기,가정용,100,0,190,0,300,500,1000,0,0,0,0,0,0,0,0
서울특별시,용산구,재사용규격봉투,기타,생활쓰레기,가정용,0,0,0,0,0,0,250,490,0,0,0,0,0,0,0
서울특별시,용산구,특수규격마대,기타,생활쓰레기,가정용,0,0,0,0,0,0,0,2040,0,5100,0,0,0,0,0
서울특별시,은평구,규격봉투,소각용,생활쓰레기,가정용,0,0,0,0,0,130,250,490,0,1250,0,1880,2500,0,0
서울특별시,은평구,규격봉투,소각용,생활쓰레기,가정용,0,0,80,0,0,190,380,760,0,1250,0,1880,2500,0,0
서울특별시,은평구,규격봉투,소각용,음식물쓰레기,가정용,100,0,200,0,300,500,1000,0,0,0,0,0,0,0,0
서울특별시,은평구,재사용규격봉투,소각용,생활쓰레기,가정용,0,0,0,0,0,130,250,490,0,0,0,0,0,0,0
서울특별시,은평구,특수규격마대,매립용,생활쓰레기,가정용,0,0,0,0,0,0,0,2040,0,0,0,0,0,0,0
서울특별시,종로구,규격봉투,소각용,생활쓰레기,가정용,0,0,0,0,0,130,250,490,0,1250,0,1880,2500,0,0
서울특별시,종로구,규격봉투,소각용,음식물쓰레기,가정용,100,0,190,0,300,500,0,0,0,0,0,0,0,0,0
서울특별시,종로구,특수규격마대,매립용,생활쓰레기,기타,0,0,0,0,0,0,0,2040,0,5100,0,0,0,0,0
서울특별시,중구,규격봉투,소각용,생활쓰레기,가정용,0,0,0,0,90,130,250,490,740,1250,0,1880,2500,0,0
서울특별시,중구,규격봉투,소각용,생활쓰레기,사업장용,0,0,0,0,0,0,0,0,0,2000,0,3000,4000,0,0
서울특별시,중구,재사용규격봉투,소각용,생활쓰레기,가정용,0,0,0,0,90,0,0,490,0,0,0,0,0,0,0
서울특별시,중구,특수규격마대,매립용,생활쓰레기,가정용,0,0,0,0,0,0,0,2040,0,5100,0,0,0,0,0
서울특별시,중랑구,규격봉투,소각용,생활쓰레기,가정용,0,0,0,0,0,130,250,490,740,1250,0,1880,0,0,0
서울특별시,중랑구,규격봉투,소각용,생활쓰레기,사업장용,0,0,0,0,0,0,0,0,0,2000,0,0,0,0,0
서울특별시,중랑구,규격봉투,소각용,음식물쓰레기,가정용,100,0,190,0,300,500,0,0,0,0,0,0,0,0,0
서울특별시,중랑구,특수규격마대,매립용,생활쓰레기,가정용,0,0,0,0,0,0,0,2040,0,0,0,0,0,0,0
세종특별자치시,세종특별자치시,규격봉투,소각용,생활쓰레기,가정용,40,0,60,0,80,130,270,540,820,1440,0,0,0,0,0
울산광역시,남구,규격봉투,소각용,생활쓰레기,가정용,0,0,0,0,0,0,0,0,0,1490,0,2220,0,0,0
울산광역시,남구,재사용규격봉투,소각용,생활쓰레기,가정용,0,0,0,0,0,160,310,600,0,0,0,0,0,0,0
울산광역시,동구,규격봉투,소각용,생활쓰레기,가정용,0,0,0,0,0,160,310,600,0,1490,0,0,2960,0,0
울산광역시,동구,규격봉투,소각용,생활쓰레기,사업장용,0,0,0,0,0,160,310,600,0,1490,0,0,2960,0,0
울산광역시,북구,규격봉투,소각용,생활쓰레기,가정용,0,0,0,0,0,160,310,600,0,1490,0,2220,2960,0,0
울산광역시,울주군,규격봉투,소각용,생활쓰레기,가정용,0,0,0,0,0,160,310,600,0,1490,0,2220,0,0,0
울산광역시,중구,규격봉투,소각용,생활쓰레기,가정용,0,0,0,0,0,160,310,600,0,1490,0,2220,0,0,0
울산광역시,중구,규격봉투,소각용,생활쓰레기,가정용,0,0,0,0,0,0,0,0,0,1490,0,0,2960,0,0
울산광역시,중구,재사용규격봉투,소각용,생활쓰레기,가정용,0,0,0,0,0,160,310,600,0,0,0,0,0,0,0
울산광역시,중구,특수규격마대,매립용,생활쓰레기,사업장용,0,0,0,0,0,0,0,0,2160,3480,0,0,0,0,0
인천광역시,강화군,규격봉투,기타,음식물쓰레기,가정용,0,0,120,0,180,300,600,0,0,0,0,0,0,0,0
인천광역시,강화군,규격봉투,매립용,생활쓰레기,가정용,0,0,0,0,0,160,310,620,0,1540,0,0,0,0,0
인천광역시,강화군,규격봉투,소각용,생활쓰레기,가정용,0,0,0,0,0,160,310,620,0,1540,0,2780,0,0,0
인천광역시,계양구,규격봉투,매립용,생활쓰레기,가정용,0,0,0,0,0,210,390,750,0,1850,0,0,0,0,0
인천광역시,계양구,규격봉투,소각용,생활쓰레기,가정용,0,0,0,0,0,210,390,750,0,1850,0,0,0,0,0
인천광역시,계양구,규격봉투,소각용,생활쓰레기,가정용,0,0,0,0,0,0,0,0,0,0,3880,0,0,0,8070
인천광역시,계양구,규격봉투,소각용,생활쓰레기,가정용,0,0,0,0,0,160,310,620,0,1540,0,0,3060,0,0
인천광역시,계양구,규격봉투,소각용,생활쓰레기,사업장용,0,0,0,0,0,0,0,0,0,0,3880,0,0,0,8070
인천광역시,계양구,규격봉투,소각용,생활쓰레기,기타,0,0,0,0,0,160,310,0,0,0,0,0,3060,0,0
인천광역시,계양구,규격봉투,소각용,음식물쓰레기,가정용,60,0,120,0,180,300,600,1200,0,0,0,0,0,0,0
인천광역시,계양구,규격봉투,소각용,음식물쓰레기,가정용,60,0,120,0,180,300,600,1200,0,0,0,0,0,0,0
인천광역시,계양구,재사용규격봉투,소각용,생활쓰레기,가정용,0,0,0,0,0,0,390,750,0,0,0,0,0,0,0
인천광역시,계양구,재사용규격봉투,소각용,생활쓰레기,가정용,0,0,0,0,0,0,310,620,0,0,0,0,0,0,0
인천광역시,남동구,규격봉투,기타,음식물쓰레기,가정용,100,0,200,0,300,500,1000,2000,0,0,0,0,0,0,0
인천광역시,남동구,규격봉투,소각용,생활쓰레기,가정용,0,0,0,0,0,210,390,750,0,1850,0,0,0,0,0
인천광역시,남동구,규격봉투,소각용,생활쓰레기,가정용,0,0,0,0,0,0,0,0,2350,0,4700,0,0,0,7870
인천광역시,남동구,재사용규격봉투,매립용,생활쓰레기,가정용,0,0,0,0,0,0,0,0,0,5500,0,0,0,0,0
인천광역시,남동구,재사용규격봉투,소각용,생활쓰레기,가정용,0,0,0,0,0,0,390,750,0,0,0,0,0,0,0
인천광역시,동구,규격봉투,소각용,생활쓰레기,가정용,0,0,0,0,0,160,310,620,0,1540,0,0,3070,0,0
인천광역시,동구,규격봉투,소각용,생활쓰레기,가정용,0,0,0,0,0,0,0,0,0,2560,0,0,5130,0,0
인천광역시,동구,규격봉투,소각용,음식물쓰레기,가정용,0,0,0,0,0,0,0,1290,0,0,0,0,0,0,0
인천광역시,동구,특수규격마대,매립용,생활쓰레기,가정용,0,0,0,0,0,0,0,0,0,1400,0,0,0,0,0
인천광역시,미추홀구,규격봉투,매립용,생활쓰레기,사업장용,0,0,0,0,0,0,0,0,2110,0,4220,0,0,0,8790
인천광역시,미추홀구,규격봉투,소각용,생활쓰레기,가정용,0,0,0,0,0,160,310,620,0,1540,0,2310,0,0,0
인천광역시,미추홀구,규격봉투,소각용,음식물쓰레기,가정용,60,0,120,0,180,300,600,1200,0,0,0,0,0,0,0
인천광역시,미추홀구,재사용규격봉투,소각용,생활쓰레기,가정용,0,0,0,0,0,0,310,620,0,0,0,0,0,0,0
인천광역시,부평구,규격봉투,매립용,생활쓰레기,가정용,0,0,0,0,0,210,390,750,0,1850,0,2780,0,0,0
인천광역시,부평구,규격봉투,소각용,생활쓰레기,가정용,0,0,0,0,0,0,0,0,1840,0,3660,0,0,0,7600
인천광역시,부평구,재사용규격봉투,매립용,생활쓰레기,가정용,0,0,0,0,130,0,390,750,0,0,0,0,0,0,0
인천광역시,부평구,특수규격마대,매립용,생활쓰레기,가정용,0,0,0,0,0,0,0,0,0,0,0,0,0,0,0
인천광역시,서구,규격봉투,기타,음식물쓰레기,가정용,60,0,120,0,180,300,600,0,0,0,0,0,0,0,0
인천광역시,서구,규격봉투,매립용,생활쓰레기,가정용,0,0,0,0,0,0,310,620,0,1540,0,0,0,0,0
인천광역시,서구,규격봉투,소각용,생활쓰레기,가정용,0,0,0,0,0,160,310,620,0,1540,0,0,0,0,0
인천광역시,서구,규격봉투,소각용,생활쓰레기,사업장용,0,0,0,0,0,0,0,0,1870,0,3710,0,0,0,7660
인천광역시,서구,김장용봉투,기타,음식물쓰레기,가정용,0,0,0,0,0,0,0,1200,0,0,0,0,0,0,0
인천광역시,서구,재사용규격봉투,소각용,생활쓰레기,가정용,0,0,0,0,0,0,310,620,0,0,0,0,0,0,0
인천광역시,연수구,규격봉투,매립용,생활쓰레기,가정용,0,0,0,0,0,160,310,620,0,1540,0,0,3070,0,0
인천광역시,연수구,규격봉투,소각용,생활쓰레기,가정용,0,0,0,0,0,0,0,0,0,0,3880,0,0,0,8070
인천광역시,연수구,규격봉투,소각용,음식물쓰레기,가정용,60,0,120,0,180,300,600,0,0,0,0,0,0,0,0
인천광역시,연수구,재사용규격봉투,매립용,생활쓰레기,가정용,0,0,0,0,0,0,310,620,0,0,0,0,0,0,0
인천광역시,연수구청,규격봉투,소각용,생활쓰레기,가정용,0,0,0,0,0,160,310,620,0,1540,0,2780,0,0,0
인천광역시,연수구청,재사용규격봉투,소각용,생활쓰레기,가정용,0,0,0,0,0,0,310,620,0,0,0,0,0,0,0
인천광역시,연수구청,특수규격마대,소각용,생활쓰레기,가정용,0,0,0,0,0,0,0,0,2010,0,3980,0,0,0,8250
인천광역시,옹진군,규격봉투,매립용,음식물쓰레기,가정용,0,0,0,0,190,300,630,1260,0,0,0,0,0,0,0
인천광역시,옹진군,규격봉투,소각용,생활쓰레기,가정용,0,0,0,0,100,160,310,620,0,1540,0,0,3070,0,0
인천광역시,중구,규격봉투,매립용,생활쓰레기,가정용,0,0,0,0,0,160,310,620,0,1540,0,2300,3060,0,0
인천광역시,중구,규격봉투,매립용,생활쓰레기,사업장용,0,0,0,0,0,0,0,0,0,1940,0,0,3880,0,0
인천광역시,중구,규격봉투,소각용,생활쓰레기,가정용,0,0,0,0,0,160,310,620,0,1540,0,2300,3060,0,0
인천광역시,중구,규격봉투,소각용,생활쓰레기,가정용,0,0,0,0,0,0,0,0,3220,5290,0,0,10400,0,0
인천광역시,중구,규격봉투,소각용,생활쓰레기,사업장용,0,0,0,0,0,0,0,0,0,1940,0,0,3880,0,0
인천광역시,중구,재사용규격봉투,매립용,생활쓰레기,가정용,0,0,0,0,0,0,310,620,0,0,0,0,0,0,0
인천광역시,중구,재사용규격봉투,소각용,생활쓰레기,가정용,0,0,0,0,0,0,310,620,0,0,0,0,0,0,0
인천광역시,중구,특수규격마대,매립용,생활쓰레기,가정용,0,0,0,0,0,0,0,0,0,0,3970,0,6500,0,0
인천광역시,중구,특수규격마대,매립용,생활쓰레기,사업장용,0,0,0,0,0,0,0,0,0,0,3070,0,0,0,0
전라남도,강진군,규격봉투,소각용,생활쓰레기,가정용,0,0,0,0,0,90,160,290,0,700,0,0,0,0,0
전라남도,강진군,재사용규격봉투,기타,생활쓰레기,가정용,0,0,0,0,0,0,160,290,0,0,0,0,0,0,0
전라남도,고흥군,규격봉투,소각용,생활쓰레기,가정용,0,0,0,0,30,90,140,260,0,450,0,0,830,0,0
전라남도,곡성군,규격봉투,매립용,생활쓰레기,가정용,0,0,0,0,0,0,310,530,0,1270,0,1970,0,0,0
전라남도,광양시,규격봉투,매립용,생활쓰레기,가정용,0,0,0,0,0,130,260,530,0,1300,0,0,0,0,0
전라남도,구례군,규격봉투,소각용,생활쓰레기,가정용,0,0,0,0,0,60,110,220,0,540,0,830,0,0,0
전라남도,구례군,규격봉투,소각용,생활쓰레기,사업장용,0,0,0,0,0,60,110,220,0,540,0,830,0,0,0
전라남도,구례군,규격봉투,소각용,생활쓰레기,기타,0,0,0,0,0,60,110,220,0,540,0,830,0,0,0
전라남도,나주시,규격봉투,매립용,생활쓰레기,가정용,0,0,0,0,0,80,130,250,360,570,0,900,0,0,0
전라남도,담양군,규격봉투,소각용,생활쓰레기,가정용,0,0,0,0,0,90,180,310,0,900,0,1350,0,0,0
전라남도,목포시,규격봉투,소각용,생활쓰레기,가정용,0,0,0,0,0,110,210,400,600,990,0,1470,1950,0,0
전라남도,무안군,규격봉투,매립용,생활쓰레기,가정용,0,0,0,0,0,90,170,320,0,0,0,0,0,0,0
전라남도,무안군,규격봉투,소각용,생활쓰레기,가정용,0,0,0,0,0,90,170,320,540,790,0,1350,0,0,0
전라남도,보성군,규격봉투,소각용,생활쓰레기,가정용,0,0,0,0,0,90,140,260,0,640,0,950,0,0,0
전라남도,순천시,규격봉투,소각용,생활쓰레기,가정용,0,0,0,0,90,150,290,580,0,1380,0,0,2760,0,0
전라남도,신안군,규격봉투,소각용,생활쓰레기,가정용,0,0,0,0,0,0,120,220,0,540,0,0,0,0,0
전라남도,신안군,규격봉투,소각용,음식물쓰레기,가정용,0,0,0,0,0,0,120,0,0,0,0,0,0,0,0
전라남도,여수시,규격봉투,소각용,생활쓰레기,가정용,0,0,0,0,0,140,250,500,720,1200,0,1800,2400,0,0
전라남도,영광군,규격봉투,소각용,생활쓰레기,가정용,0,0,0,0,0,74,148,277,0,690,0,0,0,0,0
전라남도,영암군,규격봉투,소각용,생활쓰레기,가정용,0,0,0,0,0,110,230,460,0,1160,0,1730,2310,0,0
전라남도,완도군,재사용규격봉투,소각용,생활쓰레기,기타,0,0,0,0,50,80,160,290,450,720,0,1220,1400,0,0
전라남도,완도군,재사용규격봉투,소각용,음식물쓰레기,기타,0,0,0,0,0,110,220,0,0,0,1300,0,0,2600,0
전라남도,장성군,규격봉투,소각용,생활쓰레기,가정용,0,0,0,0,50,70,140,280,420,700,0,1040,0,0,0
전라남도,장흥군,규격봉투,소각용,생활쓰레기,가정용,0,0,0,0,0,0,240,460,0,1100,0,0,0,0,0
전라남도,진도군,규격봉투,소각용,생활쓰레기,가정용,0,0,0,0,0,70,140,260,390,650,0,0,0,0,0
전라남도,함평군,규격봉투,소각용,생활쓰레기,가정용,0,0,0,0,40,65,120,220,0,530,0,780,1020,0,0
전라남도,해남군,규격봉투,소각용,생활쓰레기,가정용,0,0,0,0,0,110,210,430,0,1050,0,1580,0,0,0
전라남도,화순군,규격봉투,매립용,생활쓰레기,가정용,0,0,0,0,0,100,190,380,0,920,0,0,0,0,0
전라북도,고창군,규격봉투,매립용,생활쓰레기,가정용,0,0,0,0,0,0,210,400,0,990,0,0,1960,0,0
전라북도,군산시,규격봉투,매립용,생활쓰레기,가정용,0,0,0,0,0,200,300,500,0,1250,0,1850,0,0,0
전라북도,군산시,재사용규격봉투,매립용,생활쓰레기,가정용,0,0,0,0,0,0,300,500,0,0,0,0,0,0,0
전라북도,군산시,특수규격마대,매립용,생활쓰레기,가정용,0,0,0,0,0,0,0,1000,0,0,0,0,0,0,0
전라북도,김제시,규격봉투,소각용,생활쓰레기,가정용,0,0,0,0,0,100,190,360,0,890,0,0,0,0,0
전라북도,김제시,김장용봉투,소각용,음식물쓰레기,가정용,0,0,0,0,0,0,0,470,0,1150,0,0,0,0,0
전라북도,김제시,특수규격마대,매립용,생활쓰레기,가정용,0,0,0,0,0,0,0,360,0,890,0,0,0,0,0
전라북도,남원시,규격봉투,매립용,생활쓰레기,가정용,0,0,0,0,0,80,160,280,410,700,0,0,0,0,0
전라북도,남원시,재사용규격봉투,매립용,생활쓰레기,가정용,0,0,0,0,0,80,160,280,410,700,0,0,0,0,0
전라북도,무주군,규격봉투,매립용,생활쓰레기,가정용,0,0,0,0,50,80,170,330,0,820,0,0,1650,0,0
전라북도,부안군,규격봉투,매립용,생활쓰레기,가정용,0,0,0,0,110,200,350,700,1000,1600,0,0,0,0,0
전라북도,부안군,규격봉투,매립용,생활쓰레기,사업장용,0,0,0,0,110,200,350,700,1000,1600,0,0,0,0,0
전라북도,부안군,규격봉투,매립용,생활쓰레기,기타,0,0,0,0,110,200,350,700,1000,1600,0,0,0,0,0
전라북도,부안군,재사용규격봉투,매립용,생활쓰레기,가정용,0,0,0,0,0,0,0,700,0,0,0,0,0,0,0
전라북도,부안군,재사용규격봉투,매립용,생활쓰레기,사업장용,0,0,0,0,0,0,0,700,0,0,0,0,0,0,0
전라북도,부안군,재사용규격봉투,매립용,생활쓰레기,기타,0,0,0,0,0,0,0,700,0,0,0,0,0,0,0
전라북도,부안군,특수규격마대,매립용,생활쓰레기,가정용,0,0,0,0,0,0,0,0,0,2500,0,0,0,0,0
전라북도,부안군,특수규격마대,매립용,생활쓰레기,사업장용,0,0,0,0,0,0,0,0,0,2500,0,0,0,0,0
전라북도,부안군,특수규격마대,매립용,생활쓰레기,기타,0,0,0,0,0,0,0,0,0,2500,0,0,0,0,0
전라북도,순창군,규격봉투,소각용,생활쓰레기,가정용,0,0,0,0,0,120,190,380,560,900,0,0,2000,0,0
전라북도,완주군,규격봉투,소각용,생활쓰레기,가정용,0,0,0,0,0,110,220,420,0,1100,0,1450,0,0,0
전라북도,익산시,규격봉투,소각용,생활쓰레기,가정용,30,0,60,0,80,140,270,540,810,1350,0,0,2700,0,0
전라북도,임실군,규격봉투,소각용,생활쓰레기,가정용,0,0,0,0,0,90,150,320,0,790,0,0,0,0,0
전라북도,임실군,특수규격마대,매립용,생활쓰레기,사업장용,0,0,0,0,0,0,460,0,0,2300,0,0,0,0,0
전라북도,장수군,규격봉투,매립용,생활쓰레기,기타,0,0,0,0,0,90,180,360,540,900,0,1350,0,0,0
전라북도,장수군,규격봉투,매립용,생활쓰레기,기타,0,0,0,0,0,90,180,360,540,900,0,1350,0,0,0
전라북도,장수군,규격봉투,매립용,생활쓰레기,기타,0,0,0,0,0,90,180,360,540,900,0,1350,0,0,0
전라북도,장수군,규격봉투,매립용,생활쓰레기,기타,0,0,0,0,0,90,180,360,540,900,0,1350,0,0,0
전라북도,장수군,규격봉투,매립용,생활쓰레기,기타,0,0,0,0,0,90,180,360,540,900,0,1350,0,0,0
전라북도,장수군,규격봉투,매립용,생활쓰레기,기타,0,0,0,0,0,90,180,360,540,900,0,1350,0,0,0
전라북도,장수군,규격봉투,매립용,생활쓰레기,기타,0,0,0,0,0,90,180,360,540,900,0,1350,0,0,0
전라북도,장수군,규격봉투,매립용,생활쓰레기,사업장용,0,0,0,0,0,90,180,360,540,900,0,1350,0,0,0
전라북도,장수군,규격봉투,매립용,생활쓰레기,사업장용,0,0,0,0,0,90,180,360,540,900,0,1350,0,0,0
전라북도,장수군,규격봉투,매립용,생활쓰레기,사업장용,0,0,0,0,0,90,180,360,540,900,0,1350,0,0,0
전라북도,장수군,규격봉투,매립용,생활쓰레기,사업장용,0,0,0,0,0,90,180,360,540,900,0,1350,0,0,0
전라북도,장수군,규격봉투,매립용,생활쓰레기,사업장용,0,0,0,0,0,90,180,360,540,900,0,1350,0,0,0
전라북도,장수군,규격봉투,매립용,생활쓰레기,사업장용,0,0,0,0,0,90,180,360,540,900,0,1350,0,0,0
전라북도,장수군,규격봉투,매립용,생활쓰레기,사업장용,0,0,0,0,0,90,180,360,540,900,0,1350,0,0,0
전라북도,장수군,규격봉투,매립용,생활쓰레기,가정용,0,0,0,0,0,90,180,360,540,900,0,1350,0,0,0
전라북도,장수군,규격봉투,매립용,생활쓰레기,가정용,0,0,0,0,0,90,180,360,540,900,0,1350,0,0,0
전라북도,장수군,규격봉투,매립용,생활쓰레기,가정용,0,0,0,0,0,90,180,360,540,900,0,1350,0,0,0
전라북도,장수군,규격봉투,매립용,생활쓰레기,가정용,0,0,0,0,0,90,180,360,540,900,0,1350,0,0,0
전라북도,장수군,규격봉투,매립용,생활쓰레기,가정용,0,0,0,0,0,90,180,360,540,900,0,1350,0,0,0
전라북도,장수군,규격봉투,매립용,생활쓰레기,가정용,0,0,0,0,0,90,180,360,540,900,0,1350,0,0,0
전라북도,장수군,규격봉투,매립용,생활쓰레기,가정용,0,0,0,0,0,90,180,360,540,900,0,1350,0,0,0
전라북도,장수군,규격봉투,소각용,생활쓰레기,기타,0,0,0,0,0,90,180,360,540,900,0,1350,0,0,0
전라북도,장수군,규격봉투,소각용,생활쓰레기,기타,0,0,0,0,0,90,180,360,540,900,0,1350,0,0,0
전라북도,장수군,규격봉투,소각용,생활쓰레기,기타,0,0,0,0,0,90,180,360,540,900,0,1350,0,0,0
전라북도,장수군,규격봉투,소각용,생활쓰레기,기타,0,0,0,0,0,90,180,360,540,900,0,1350,0,0,0
전라북도,장수군,규격봉투,소각용,생활쓰레기,기타,0,0,0,0,0,90,180,360,540,900,0,1350,0,0,0
전라북도,장수군,규격봉투,소각용,생활쓰레기,기타,0,0,0,0,0,90,180,360,540,900,0,1350,0,0,0
전라북도,장수군,규격봉투,소각용,생활쓰레기,기타,0,0,0,0,0,90,180,360,540,900,0,1350,0,0,0
전라북도,장수군,규격봉투,소각용,생활쓰레기,사업장용,0,0,0,0,0,90,180,360,540,900,0,1350,0,0,0
전라북도,장수군,규격봉투,소각용,생활쓰레기,사업장용,0,0,0,0,0,90,180,360,540,900,0,1350,0,0,0
전라북도,장수군,규격봉투,소각용,생활쓰레기,사업장용,0,0,0,0,0,90,180,360,540,900,0,1350,0,0,0
전라북도,장수군,규격봉투,소각용,생활쓰레기,사업장용,0,0,0,0,0,90,180,360,540,900,0,1350,0,0,0
전라북도,장수군,규격봉투,소각용,생활쓰레기,사업장용,0,0,0,0,0,90,180,360,540,900,0,1350,0,0,0
전라북도,장수군,규격봉투,소각용,생활쓰레기,사업장용,0,0,0,0,0,90,180,360,540,900,0,1350,0,0,0
전라북도,장수군,규격봉투,소각용,생활쓰레기,사업장용,0,0,0,0,0,90,180,360,540,900,0,1350,0,0,0
전라북도,장수군,규격봉투,소각용,생활쓰레기,가정용,0,0,0,0,0,90,180,360,540,900,0,1350,0,0,0
전라북도,장수군,규격봉투,소각용,생활쓰레기,가정용,0,0,0,0,0,90,180,360,540,900,0,1350,0,0,0
전라북도,장수군,규격봉투,소각용,생활쓰레기,가정용,0,0,0,0,0,90,180,360,540,900,0,1350,0,0,0
전라북도,장수군,규격봉투,소각용,생활쓰레기,가정용,0,0,0,0,0,90,180,360,540,900,0,1350,0,0,0
전라북도,장수군,규격봉투,소각용,생활쓰레기,가정용,0,0,0,0,0,90,180,360,540,900,0,1350,0,0,0
전라북도,장수군,규격봉투,소각용,생활쓰레기,가정용,0,0,0,0,0,90,180,360,540,900,0,1350,0,0,0
전라북도,장수군,규격봉투,소각용,생활쓰레기,가정용,0,0,0,0,0,90,180,360,540,900,0,1350,0,0,0
전라북도,장수군,규격봉투,소각용,음식물쓰레기,사업장용,0,0,0,0,70,90,180,360,540,900,0,1350,0,0,0
전라북도,장수군,규격봉투,소각용,음식물쓰레기,사업장용,0,0,0,0,70,90,180,360,540,900,0,1350,0,0,0
전라북도,장수군,규격봉투,소각용,음식물쓰레기,사업장용,0,0,0,0,70,90,180,360,540,900,0,1350,0,0,0
전라북도,장수군,규격봉투,소각용,음식물쓰레기,사업장용,0,0,0,0,70,90,180,360,540,900,0,1350,0,0,0
전라북도,장수군,규격봉투,소각용,음식물쓰레기,사업장용,0,0,0,0,70,90,180,360,540,900,0,1350,0,0,0
전라북도,장수군,규격봉투,소각용,음식물쓰레기,사업장용,0,0,0,0,70,90,180,360,540,900,0,1350,0,0,0
전라북도,장수군,규격봉투,소각용,음식물쓰레기,사업장용,0,0,0,0,70,90,180,360,540,900,0,1350,0,0,0
전라북도,장수군,규격봉투,소각용,음식물쓰레기,가정용,0,0,0,0,70,90,180,360,540,900,0,1350,0,0,0
전라북도,장수군,규격봉투,소각용,음식물쓰레기,가정용,0,0,0,0,70,90,180,360,540,900,0,1350,0,0,0
전라북도,장수군,규격봉투,소각용,음식물쓰레기,가정용,0,0,0,0,70,90,180,360,540,900,0,1350,0,0,0
전라북도,장수군,규격봉투,소각용,음식물쓰레기,가정용,0,0,0,0,70,90,180,360,540,900,0,1350,0,0,0
전라북도,장수군,규격봉투,소각용,음식물쓰레기,가정용,0,0,0,0,70,90,180,360,540,900,0,1350,0,0,0
전라북도,장수군,규격봉투,소각용,음식물쓰레기,가정용,0,0,0,0,70,90,180,360,540,900,0,1350,0,0,0
전라북도,장수군,규격봉투,소각용,음식물쓰레기,가정용,0,0,0,0,70,90,180,360,540,900,0,1350,0,0,0
전라북도,장수군,규격봉투,소각용,음식물쓰레기,기타,0,0,0,0,70,90,180,360,540,900,0,1350,0,0,0
전라북도,장수군,규격봉투,소각용,음식물쓰레기,기타,0,0,0,0,70,90,180,360,540,900,0,1350,0,0,0
전라북도,장수군,규격봉투,소각용,음식물쓰레기,기타,0,0,0,0,70,90,180,360,540,900,0,1350,0,0,0
전라북도,장수군,규격봉투,소각용,음식물쓰레기,기타,0,0,0,0,70,90,180,360,540,900,0,1350,0,0,0
전라북도,장수군,규격봉투,소각용,음식물쓰레기,기타,0,0,0,0,70,90,180,360,540,900,0,1350,0,0,0
전라북도,장수군,규격봉투,소각용,음식물쓰레기,기타,0,0,0,0,70,90,180,360,540,900,0,1350,0,0,0
전라북도,장수군,규격봉투,소각용,음식물쓰레기,기타,0,0,0,0,70,90,180,360,540,900,0,1350,0,0,0
전라북도,장수군,재사용규격봉투,매립용,생활쓰레기,기타,0,0,0,0,0,90,180,360,540,900,0,1350,0,0,0
전라북도,장수군,재사용규격봉투,매립용,생활쓰레기,기타,0,0,0,0,0,90,180,360,540,900,0,1350,0,0,0
전라북도,장수군,재사용규격봉투,매립용,생활쓰레기,기타,0,0,0,0,0,90,180,360,540,900,0,1350,0,0,0
전라북도,장수군,재사용규격봉투,매립용,생활쓰레기,기타,0,0,0,0,0,90,180,360,540,900,0,1350,0,0,0
전라북도,장수군,재사용규격봉투,매립용,생활쓰레기,기타,0,0,0,0,0,90,180,360,540,900,0,1350,0,0,0
전라북도,장수군,재사용규격봉투,매립용,생활쓰레기,기타,0,0,0,0,0,90,180,360,540,900,0,1350,0,0,0
전라북도,장수군,재사용규격봉투,매립용,생활쓰레기,기타,0,0,0,0,0,90,180,360,540,900,0,1350,0,0,0
전라북도,장수군,재사용규격봉투,매립용,생활쓰레기,사업장용,0,0,0,0,0,90,180,360,540,900,0,1350,0,0,0
전라북도,장수군,재사용규격봉투,매립용,생활쓰레기,사업장용,0,0,0,0,0,90,180,360,540,900,0,1350,0,0,0
전라북도,장수군,재사용규격봉투,매립용,생활쓰레기,사업장용,0,0,0,0,0,90,180,360,540,900,0,1350,0,0,0
전라북도,장수군,재사용규격봉투,매립용,생활쓰레기,사업장용,0,0,0,0,0,90,180,360,540,900,0,1350,0,0,0
전라북도,장수군,재사용규격봉투,매립용,생활쓰레기,사업장용,0,0,0,0,0,90,180,360,540,900,0,1350,0,0,0
전라북도,장수군,재사용규격봉투,매립용,생활쓰레기,사업장용,0,0,0,0,0,90,180,360,540,900,0,1350,0,0,0
전라북도,장수군,재사용규격봉투,매립용,생활쓰레기,사업장용,0,0,0,0,0,90,180,360,540,900,0,1350,0,0,0
전라북도,장수군,재사용규격봉투,매립용,생활쓰레기,가정용,0,0,0,0,0,90,180,360,540,900,0,1350,0,0,0
전라북도,장수군,재사용규격봉투,매립용,생활쓰레기,가정용,0,0,0,0,0,90,180,360,540,900,0,1350,0,0,0
전라북도,장수군,재사용규격봉투,매립용,생활쓰레기,가정용,0,0,0,0,0,90,180,360,540,900,0,1350,0,0,0
전라북도,장수군,재사용규격봉투,매립용,생활쓰레기,가정용,0,0,0,0,0,90,180,360,540,900,0,1350,0,0,0
전라북도,장수군,재사용규격봉투,매립용,생활쓰레기,가정용,0,0,0,0,0,90,180,360,540,900,0,1350,0,0,0
전라북도,장수군,재사용규격봉투,매립용,생활쓰레기,가정용,0,0,0,0,0,90,180,360,540,900,0,1350,0,0,0
전라북도,장수군,재사용규격봉투,매립용,생활쓰레기,가정용,0,0,0,0,0,90,180,360,540,900,0,1350,0,0,0
전라북도,장수군,재사용규격봉투,소각용,생활쓰레기,기타,0,0,0,0,0,90,180,360,540,900,0,1350,0,0,0
전라북도,장수군,재사용규격봉투,소각용,생활쓰레기,기타,0,0,0,0,0,90,180,360,540,900,0,1350,0,0,0
전라북도,장수군,재사용규격봉투,소각용,생활쓰레기,기타,0,0,0,0,0,90,180,360,540,900,0,1350,0,0,0
전라북도,장수군,재사용규격봉투,소각용,생활쓰레기,기타,0,0,0,0,0,90,180,360,540,900,0,1350,0,0,0
전라북도,장수군,재사용규격봉투,소각용,생활쓰레기,기타,0,0,0,0,0,90,180,360,540,900,0,1350,0,0,0
전라북도,장수군,재사용규격봉투,소각용,생활쓰레기,기타,0,0,0,0,0,90,180,360,540,900,0,1350,0,0,0
전라북도,장수군,재사용규격봉투,소각용,생활쓰레기,기타,0,0,0,0,0,90,180,360,540,900,0,1350,0,0,0
전라북도,장수군,재사용규격봉투,소각용,생활쓰레기,사업장용,0,0,0,0,0,90,180,360,540,900,0,1350,0,0,0
전라북도,장수군,재사용규격봉투,소각용,생활쓰레기,사업장용,0,0,0,0,0,90,180,360,540,900,0,1350,0,0,0
전라북도,장수군,재사용규격봉투,소각용,생활쓰레기,사업장용,0,0,0,0,0,90,180,360,540,900,0,1350,0,0,0
전라북도,장수군,재사용규격봉투,소각용,생활쓰레기,사업장용,0,0,0,0,0,90,180,360,540,900,0,1350,0,0,0
전라북도,장수군,재사용규격봉투,소각용,생활쓰레기,사업장용,0,0,0,0,0,90,180,360,540,900,0,1350,0,0,0
전라북도,장수군,재사용규격봉투,소각용,생활쓰레기,사업장용,0,0,0,0,0,90,180,360,540,900,0,1350,0,0,0
전라북도,장수군,재사용규격봉투,소각용,생활쓰레기,사업장용,0,0,0,0,0,90,180,360,540,900,0,1350,0,0,0
전라북도,장수군,재사용규격봉투,소각용,생활쓰레기,가정용,0,0,0,0,0,90,180,360,540,900,0,1350,0,0,0
전라북도,장수군,재사용규격봉투,소각용,생활쓰레기,가정용,0,0,0,0,0,90,180,360,540,900,0,1350,0,0,0
전라북도,장수군,재사용규격봉투,소각용,생활쓰레기,가정용,0,0,0,0,0,90,180,360,540,900,0,1350,0,0,0
전라북도,장수군,재사용규격봉투,소각용,생활쓰레기,가정용,0,0,0,0,0,90,180,360,540,900,0,1350,0,0,0
전라북도,장수군,재사용규격봉투,소각용,생활쓰레기,가정용,0,0,0,0,0,90,180,360,540,900,0,1350,0,0,0
전라북도,장수군,재사용규격봉투,소각용,생활쓰레기,가정용,0,0,0,0,0,90,180,360,540,900,0,1350,0,0,0
전라북도,장수군,재사용규격봉투,소각용,생활쓰레기,가정용,0,0,0,0,0,90,180,360,540,900,0,1350,0,0,0
전라북도,장수군,재사용규격봉투,소각용,음식물쓰레기,기타,0,0,0,0,70,90,180,360,540,900,0,1350,0,0,0
전라북도,장수군,재사용규격봉투,소각용,음식물쓰레기,기타,0,0,0,0,70,90,180,360,540,900,0,1350,0,0,0
전라북도,장수군,재사용규격봉투,소각용,음식물쓰레기,기타,0,0,0,0,70,90,180,360,540,900,0,1350,0,0,0
전라북도,장수군,재사용규격봉투,소각용,음식물쓰레기,기타,0,0,0,0,70,90,180,360,540,900,0,1350,0,0,0
전라북도,장수군,재사용규격봉투,소각용,음식물쓰레기,기타,0,0,0,0,70,90,180,360,540,900,0,1350,0,0,0
전라북도,장수군,재사용규격봉투,소각용,음식물쓰레기,기타,0,0,0,0,70,90,180,360,540,900,0,1350,0,0,0
전라북도,장수군,재사용규격봉투,소각용,음식물쓰레기,사업장용,0,0,0,0,70,90,180,360,540,900,0,1350,0,0,0
전라북도,장수군,재사용규격봉투,소각용,음식물쓰레기,사업장용,0,0,0,0,70,90,180,360,540,900,0,1350,0,0,0
전라북도,장수군,재사용규격봉투,소각용,음식물쓰레기,사업장용,0,0,0,0,70,90,180,360,540,900,0,1350,0,0,0
전라북도,장수군,재사용규격봉투,소각용,음식물쓰레기,사업장용,0,0,0,0,70,90,180,360,540,900,0,1350,0,0,0
전라북도,장수군,재사용규격봉투,소각용,음식물쓰레기,사업장용,0,0,0,0,70,90,180,360,540,900,0,1350,0,0,0
전라북도,장수군,재사용규격봉투,소각용,음식물쓰레기,사업장용,0,0,0,0,70,90,180,360,540,900,0,1350,0,0,0
전라북도,장수군,재사용규격봉투,소각용,음식물쓰레기,사업장용,0,0,0,0,70,90,180,360,540,900,0,1350,0,0,0
전라북도,장수군,재사용규격봉투,소각용,음식물쓰레기,가정용,0,0,0,0,70,90,180,360,540,900,0,1350,0,0,0
전라북도,장수군,재사용규격봉투,소각용,음식물쓰레기,가정용,0,0,0,0,70,90,180,360,540,900,0,1350,0,0,0
전라북도,장수군,재사용규격봉투,소각용,음식물쓰레기,가정용,0,0,0,0,70,90,180,360,540,900,0,1350,0,0,0
전라북도,장수군,재사용규격봉투,소각용,음식물쓰레기,가정용,0,0,0,0,70,90,180,360,540,900,0,1350,0,0,0
전라북도,장수군,재사용규격봉투,소각용,음식물쓰레기,가정용,0,0,0,0,70,90,180,360,540,900,0,1350,0,0,0
전라북도,장수군,재사용규격봉투,소각용,음식물쓰레기,가정용,0,0,0,0,70,90,180,360,540,900,0,1350,0,0,0
전라북도,장수군,재사용규격봉투,소각용,음식물쓰레기,가정용,0,0,0,0,70,90,180,360,540,900,0,1350,0,0,0
전라북도,장수군,재사용규격봉투,소각용,음식물쓰레기,기타,0,0,0,0,70,90,180,360,540,900,0,1350,0,0,0
전라북도,전주시,규격봉투,매립용,생활쓰레기,가정용,0,0,0,0,0,120,230,460,0,1140,0,0,0,0,0
전라북도,전주시,규격봉투,소각용,생활쓰레기,가정용,0,0,0,0,0,120,230,460,0,1140,0,0,0,0,0
전라북도,전주시,규격봉투,소각용,음식물쓰레기,가정용,0,0,0,0,0,0,0,1400,0,0,0,0,0,0,0
전라북도,전주시,재사용규격봉투,소각용,생활쓰레기,가정용,0,0,0,0,0,0,230,460,0,0,0,0,0,0,0
전라북도,정읍시,규격봉투,매립용,음식물쓰레기,가정용,0,0,0,0,150,250,0,0,0,0,0,0,0,0,0
전라북도,정읍시,규격봉투,소각용,생활쓰레기,가정용,0,0,0,0,0,90,170,310,0,770,0,0,0,0,0
전라북도,정읍시,재사용규격봉투,소각용,생활쓰레기,가정용,0,0,0,0,0,0,0,180,0,0,0,0,0,0,0
전라북도,정읍시,특수규격마대,매립용,생활쓰레기,가정용,0,0,0,0,0,0,0,0,0,0,3000,0,0,0,0
전라북도,진안군,규격봉투+재사용규격봉투,매립용,생활쓰레기,가정용,0,0,0,0,0,0,100,200,0,500,0,0,0,0,0
제주특별자치도,서귀포시,규격봉투,소각용,생활쓰레기,가정용,0,0,0,0,0,120,240,700,1050,1750,0,0,0,0,0
제주특별자치도,서귀포시,재사용규격봉투,소각용,생활쓰레기,가정용,0,0,0,0,0,120,240,700,1050,1750,0,0,0,0,0
제주특별자치도,서귀포시,특수규격마대,매립용,생활쓰레기,가정용,0,0,0,0,0,0,0,1800,0,0,0,0,0,0,0
제주특별자치도,제주시,재사용규격봉투,소각용,생활쓰레기,가정용,0,0,0,0,0,120,240,700,1050,0,0,0,0,0,0
제주특별자치도,제주시,특수규격마대,매립용,생활쓰레기,가정용,0,0,0,0,0,0,0,1800,0,0,0,0,0,0,0
충청남도,계룡시,규격봉투,소각용,생활쓰레기,가정용,0,0,0,0,0,120,240,470,0,1170,0,0,2320,0,0
충청남도,계룡시,규격봉투,소각용,생활쓰레기,사업장용,0,0,0,0,0,120,240,470,0,1170,0,0,2320,0,0
충청남도,계룡시,재사용규격봉투,소각용,생활쓰레기,가정용,0,0,0,0,0,120,240,470,0,1170,0,0,2320,0,0
충청남도,계룡시,재사용규격봉투,소각용,생활쓰레기,사업장용,0,0,0,0,0,120,240,470,0,1170,0,0,2320,0,0
충청남도,공주시,규격봉투,소각용,생활쓰레기,가정용,0,0,0,0,0,90,170,320,480,790,0,1170,0,0,0
충청남도,금산군,규격봉투,매립용,생활쓰레기,가정용,0,0,0,0,0,60,110,210,0,500,0,750,1000,0,0
충청남도,논산시,규격봉투,소각용,생활쓰레기,가정용,0,0,0,0,0,120,240,470,0,1170,0,0,0,0,0
충청남도,논산시,특수규격마대,매립용,생활쓰레기,사업장용,0,0,0,0,0,0,0,1000,0,0,0,0,0,0,0
충청남도,당진시,규격봉투,매립용,생활쓰레기,가정용,0,0,0,0,0,130,260,510,760,1260,0,0,0,0,0
충청남도,당진시,규격봉투,매립용,음식물쓰레기,가정용,0,0,0,0,80,130,260,0,0,0,0,0,0,0,0
충청남도,당진시,재사용규격봉투,매립용,생활쓰레기,가정용,0,0,0,0,0,0,260,510,0,0,0,0,0,0,0
충청남도,당진시,특수규격마대,매립용,생활쓰레기,가정용,0,0,0,0,0,0,0,1000,0,0,3000,0,0,0,0
충청남도,보령시,규격봉투,소각용,생활쓰레기,가정용,0,0,0,0,0,0,200,380,560,980,0,0,1930,0,0
충청남도,보령시,규격봉투,소각용,음식물쓰레기,가정용,0,0,40,0,60,100,200,380,0,0,0,0,0,0,0
충청남도,보령시,재사용규격봉투,소각용,생활쓰레기,가정용,0,0,0,0,0,0,200,380,0,0,0,0,0,0,0
충청남도,보령시,특수규격마대,매립용,생활쓰레기,가정용,0,0,0,0,0,0,0,0,0,2200,0,0,4400,0,0
충청남도,부여군,규격봉투,매립용,생활쓰레기,가정용,0,0,0,0,60,100,200,400,0,1000,0,1500,0,0,0
충청남도,부여군,재사용규격봉투,매립용,생활쓰레기,가정용,0,0,0,0,60,100,200,400,0,0,0,0,0,0,0
충청남도,부여군,특수규격마대,매립용,생활쓰레기,가정용,0,0,0,0,0,0,0,2000,0,0,0,0,0,0,0
충청남도,서산시,규격봉투,소각용,생활쓰레기,가정용,0,0,0,0,70,120,230,460,0,1150,0,0,0,0,0
충청남도,서산시,재사용규격봉투,소각용,생활쓰레기,가정용,0,0,0,0,0,0,230,460,0,0,0,0,0,0,0
충청남도,서천군,규격봉투,매립용,생활쓰레기,가정용,0,0,0,0,60,100,150,300,450,0,0,0,0,0,0
충청남도,서천군,규격봉투,소각용,생활쓰레기,가정용,0,0,0,0,0,0,150,300,450,750,0,1200,0,0,0
충청남도,아산시,규격봉투,소각용,생활쓰레기,가정용,20,0,40,0,60,100,180,350,0,850,0,1300,1700,0,0
충청남도,아산시,규격봉투,소각용,생활쓰레기,가정용,0,0,37,0,55,91,164,319,0,774,0,0,1547,0,0
충청남도,예산군,규격봉투,소각용,생활쓰레기,가정용,0,0,0,0,0,100,200,400,0,1000,0,1500,0,0,0
충청남도,예산군,규격봉투,소각용,생활쓰레기,가정용,0,0,0,0,0,100,200,400,0,1000,0,1500,0,0,0
충청남도,천안시,규격봉투,소각용,생활쓰레기,가정용,40,0,50,0,60,140,250,500,750,1150,0,1730,0,0,0
충청남도,청양군,규격봉투,소각용,생활쓰레기,가정용,0,0,0,0,0,0,200,400,600,1000,0,1300,0,0,0
충청남도,태안군,규격봉투,기타,음식물쓰레기,가정용,0,0,50,0,90,130,300,550,780,0,0,0,0,0,0
충청남도,태안군,규격봉투,소각용,생활쓰레기,가정용,0,0,50,0,75,100,180,350,480,830,0,1180,1650,0,0
충청남도,태안군,규격봉투,소각용,생활쓰레기,가정용,0,0,0,0,0,0,180,350,0,0,0,0,0,0,0
충청남도,홍성군,규격봉투,기타,생활쓰레기,기타,20,0,40,0,60,100,200,400,600,1000,0,0,2000,0,0
충청북도,괴산군,규격봉투,매립용,생활쓰레기,기타,0,0,0,0,0,0,140,280,0,660,0,0,1320,0,0
충청북도,괴산군,규격봉투,소각용,생활쓰레기,기타,0,0,0,0,0,0,140,280,0,660,0,0,1320,0,0
충청북도,괴산군,규격봉투,소각용,생활쓰레기,기타,0,0,0,0,0,0,0,0,0,0,0,0,0,0,0
충청북도,괴산군,규격봉투,소각용,음식물쓰레기,기타,0,0,0,0,50,80,140,0,0,0,849,0,0,1680,0
충청북도,괴산군,재사용규격봉투,소각용,생활쓰레기,사업장용,0,0,0,0,0,0,140,280,0,0,0,0,0,0,0
충청북도,단양군,규격봉투,소각용,생활쓰레기,가정용,0,0,0,0,0,100,200,300,0,800,0,0,1400,0,0
충청북도,단양군,재사용규격봉투,소각용,생활쓰레기,가정용,0,0,0,0,0,0,0,300,0,0,0,0,0,0,0
충청북도,보은군,규격봉투,매립용,생활쓰레기,가정용,0,0,0,0,0,80,140,270,0,650,0,1000,1300,0,0
충청북도,영동군,규격봉투,소각용,생활쓰레기,가정용,0,0,0,0,0,100,190,370,660,900,0,1640,1820,0,0
충청북도,영동군,특수규격마대,매립용,생활쓰레기,가정용,0,0,0,0,0,0,0,0,0,2000,0,0,0,0,0
충청북도,영동군,특수규격마대,소각용,생활쓰레기,가정용,0,0,0,0,0,0,0,0,0,2000,0,0,0,0,0
충청북도,옥천군,규격봉투,소각용,생활쓰레기,가정용,0,0,0,0,0,80,140,270,400,650,0,1000,1300,0,0
충청북도,음성군,규격봉투,매립용,생활쓰레기,가정용,0,0,0,0,0,0,0,0,2000,0,0,0,0,0,0
충청북도,음성군,규격봉투,소각용,생활쓰레기,가정용,0,0,0,0,0,190,340,640,0,1580,0,2310,3080,0,0
충청북도,음성군,규격봉투,소각용,음식물쓰레기,가정용,80,0,0,0,130,190,340,640,0,0,0,0,0,0,0
충청북도,제천시,규격봉투,매립용,생활쓰레기,가정용,0,0,0,0,0,0,200,300,0,700,0,0,0,0,0
충청북도,제천시,규격봉투,매립용,음식물쓰레기,가정용,40,0,0,0,70,100,200,0,0,0,0,0,0,0,0
충청북도,제천시,규격봉투,소각용,생활쓰레기,가정용,0,0,0,0,0,100,200,300,0,700,0,1050,0,0,0
충청북도,증평군,규격봉투,소각용,생활쓰레기,가정용,0,0,0,0,0,80,140,280,400,660,0,980,1320,0,0
충청북도,진천군,규격봉투,소각용,생활쓰레기,가정용,0,0,90,0,0,190,340,640,0,1580,0,2310,0,0,0
충청북도,청주시,규격봉투,소각용,생활쓰레기,가정용,0,0,80,0,0,160,310,600,0,1450,0,2170,0,0,0
충청북도,청주시,재사용규격봉투,소각용,생활쓰레기,가정용,0,0,0,0,0,0,310,600,880,0,0,0,0,0,0
충청북도,청주시,특수규격마대,매립용,생활쓰레기,가정용,0,0,0,0,0,0,0,1300,0,3500,0,0,0,0,0
충청북도,청주시,특수규격마대,소각용,생활쓰레기,가정용,0,0,0,0,0,0,0,0,0,0,0,0,6500,0,0
충청북도,충주시,규격봉투,소각용,생활쓰레기,가정용,0,0,0,0,100,140,250,470,0,1150,0,1730,2300,0,0
충청북도,충주시,규격봉투,소각용,음식물쓰레기,가정용,60,0,90,0,100,140,250,470,0,0,0,0,0,0,0
충청북도,충주시,특수규격마대,매립용,생활쓰레기,가정용,0,0,0,0,0,0,0,2000,0,0,0,0,0,0,0